label,temp_mean,temp_std,temp_change,temp_max,temp_min,temp_median,temp_range,eda_mean,eda_std,eda_number_of_peaks,eda_mean_peak_amplitude,eda_max_peak_amplitude,eda_min_peak_amplitude,eda_median,eda_range,bvp_mean,bvp_std,bvp_number_of_peaks,bvp_mean_peak_interval,bvp_median,bvp_range,accX_mean,accX_std,accX_peak,accX_energy,accX_median,accX_range,accY_mean,accY_std,accY_peak,accY_energy,accY_median,accY_range,accZ_mean,accZ_std,accZ_peak,accZ_energy,accZ_median,accZ_range,hr_mean,hr_std,hr_max,hr_min,hr_gradient,hr_variation_std,hr_median,hr_range
Shame,34.39238308180518,0.05719720086532633,-0.08607612684047439,34.452744974145205,34.250270488706185,34.427525811700534,0.20247448543901925,2.441053709824147,0.6919587616371111,33,2.8002686010979585,3.6545354448825993,1.2161991289219511,2.3664592934870745,3.501944136524398,4.86261382918552,9.931634358660714,210,67.14354066985646,3.05,60.2,-39.25562453984518,7.811371149791093,-14.314496459364625,4760.146341097888,-41.027513998155996,44.49886718582898,21.82109591215369,28.42810226234612,57.43864024441831,4262.0866756845835,37.89748332977054,108.97776077572678,29.10430311282782,6.366110493161376,44.668069144265985,3543.1683789176864,29.032291513462233,53.2095934721984,74.51324151468846,2.251575636918851,79.78999714476127,70.95324924648953,0.0004087815137226776,0.0017045533351998342,73.98185940309104,8.836747898271739
Neutral,34.22333120838265,0.0738714897806418,0.06576902903677251,34.35767149407701,34.10534162402419,34.23202729664317,0.2523298700528187,4.041178211732286,1.2733475222996247,30,4.335956577152113,5.89230878758594,1.4819718278150462,4.355395235662289,4.469125320426646,5.876488407051429,4.726566001294441,350,62.73638968481375,5.73,28.48,-36.44637607100539,5.945295147278588,-5.34629637931319,5471.469071426559,-37.70649629810856,49.94089250831177,36.25006163608967,18.627035683401157,67.88963509253075,6038.598084182649,41.563517752027984,117.52085205967427,30.460495285812986,4.476296320915574,40.21376920370412,4561.665016934919,30.0388808072044,48.63569509514675,84.6786632962004,18.78324215912954,126.510128662115,69.63665836926978,-0.0003816403514765765,0.00811191828089205,74.18626589767098,56.87347029284521
Frustration,34.51655344119596,0.09517891214457512,0.17994260926999317,34.6065546172449,34.30493689634944,34.569593801990905,0.30161772089546446,1.1462856384306912,0.44315104853025833,23,1.0659351365433385,2.552078018752155,0.7907570743143078,0.9439806965026899,1.86516268399691,8.498484432234433,9.534528873854722,245,71.37704918032787,9.29,41.0,-41.65688058125529,5.660311281550194,-2.3482643131259726,5556.87628414812,-43.15611001728723,46.085522491870044,36.807714694164055,8.33502520755222,64.37319339434546,4988.489651651325,38.68266663561831,85.41053478886899,28.01342588125464,7.749228635788158,50.08462680112886,3841.9253732830553,27.43048191186771,63.58991682923108,82.65461367237279,9.148666743914928,98.8667222936165,71.3275902899697,0.00018100258982531528,0.004060811366674001,77.90073215481817,27.5391320036468
Pride,34.50955631213043,0.03422810082788967,0.08493204020336975,34.57712785532155,34.46355557569506,34.494684815712034,0.11357227962648864,1.4417189066756064,0.41166271642184216,18,1.5245880922201487,2.6433890253595687,0.9523682203416467,1.3696850261232347,1.6963914617852787,7.773874460357705,5.4068809652096315,231,63.06086956521739,6.4,25.82,-40.65704097992406,6.595799224102143,-1.4538107695730185,4975.642462377966,-43.10614956998129,46.19318414197168,38.261937966774234,8.177353639210086,60.30490718376597,4726.480849832943,40.639150208499615,69.32021950941868,26.53896982302051,10.360856084375957,55.3121662062798,3441.6008655844066,23.092268828541716,68.53012462334668,74.90045930269291,1.5419241467625557,77.69025162667995,72.37408261849781,-9.930053323774433e-05,0.0014505592914264983,75.0455303281392,5.316169008182143
Joy,34.23413035250646,0.15970053489731242,-0.020071888291873563,34.49842633281001,34.0057395048673,34.24342032454484,0.49268682794271257,2.541974886769972,0.6174592748334913,18,2.765117495991521,4.073129046439593,1.841879118406422,2.347537384730517,2.4571457057778634,-2.5839470979236614,6.756016846458265,218,66.82949308755761,-2.34,33.27,-44.23173011647193,11.225058995481904,0.6861479716022639,5512.636590917061,-48.158956826169266,51.56401686897463,39.89582933126779,11.407481389693508,60.54753167214862,5012.61824385277,43.78593270768652,78.34675221534371,3.5637642512005927,18.6481431225505,49.08149656228672,2293.490838162022,-5.187679678499343,63.388288315401155,70.25526901389385,4.411389572078867,76.48305432604133,62.222763119652434,5.841381724320763e-05,0.0028188865061512538,70.95985115103288,14.260291206388892
Pride,35.42016056040498,0.031791132808007966,0.06271246407398934,35.46112577190184,35.34245902093886,35.4235300854546,0.11866675096297996,9.10492640167356,0.13681123693287836,26,9.105367439628298,9.361259297517831,8.91150991353834,9.127448141050854,0.6386127772802155,1.6764855769230769,2.622266549296849,151,55.14,0.84,15.379999999999999,29.43925917248793,13.513790317102027,61.1043334869904,2954.676577541299,24.19680550835363,56.6020216555708,-21.74067817975612,10.842304646065124,1.0497089920200884,2215.9804404623455,-26.49756333947255,53.08700833439095,35.27228080497318,29.15913592711307,60.52503604623023,4174.364201886332,48.773177533237586,91.71365786095956,112.49482173362568,2.540891578519335,116.90325963849608,109.75710560861577,-0.0007864849086195942,0.0016433580207368215,111.44978192281918,7.146154029880307
Neutral,35.42637923381383,0.024206876791891537,0.03628003207138164,35.461510277111536,35.36578940026858,35.43707111334893,0.09572087684295383,9.754153245107421,0.4450858261471415,14,9.98307484792449,10.22529588172945,9.397561363695333,9.884404358662719,2.202896502543245,0.6352530215191118,2.0375279846532224,200,50.8643216080402,0.53,17.509999999999998,56.27302317252554,11.747724195718762,65.41248313485936,5799.271230938956,59.07321392670517,88.10661737933184,-15.208952091881097,8.45255756257465,37.46815824655815,1755.3255220936078,-16.199341787976508,101.56630920370564,-2.561543657111287,10.660718426134247,44.161622215131096,1106.0749665391565,-7.080501911138092,75.04099600479616,113.13575260730528,2.7852287577803128,117.3140188244694,109.5432421939636,0.0007038440293553201,0.0015791017248989957,112.41929017135291,7.770776630505807
Shame,35.47263002241451,0.03190802032562636,0.047698727090512705,35.528675862558146,35.416165768247296,35.473981344268765,0.11251009431084924,10.260652007501323,0.338142348757338,19,10.29858794578744,10.823459530125564,9.889716371962445,10.34772865502906,1.2780576455210504,1.3975507478632476,4.530063475372896,145,51.638888888888886,0.07,19.52,19.93481575116625,11.700953221890545,57.64982371761874,2000.2267820873763,17.410109877480014,59.30453631054127,-20.875211622659616,13.006416910367733,5.586856677961572,2128.332859877603,-24.85121847980718,69.41716151542863,44.53170884897834,24.8339981292117,64.81738795496835,4412.177077590596,53.77536500093531,100.55959707676391,115.19067985219397,1.901739078970942,117.83081271247723,112.87653455272046,-0.0001708109919034026,0.0021110324086343773,115.32330213882878,4.954278159756768
Frustration,35.594352974910244,0.014806514802637399,0.0030168661232465865,35.62552537184727,35.56986333795523,35.58978161110031,0.055662033892033946,10.079073587940726,0.3153024804271026,18,10.17392260407797,10.60313217781819,9.538753653518034,10.134773709810712,1.3292767873927183,0.36757023434288066,2.1245806725465957,152,47.41059602649007,0.29,12.99,24.366632328910477,12.671943891031272,57.186398872916854,2346.1046179397213,19.466145141757572,55.600247506690096,-21.663120612943445,14.228252543734406,26.6987414308811,2213.9653889844094,-25.23819140464454,77.77603420722744,45.869029499824265,10.72920504495144,56.452908916665,4024.0096692711577,49.73477557422764,40.48337752159219,108.24088799266687,6.383395855011657,119.83300611353737,99.54912708779207,0.0013100707674056995,0.004627682820083601,107.96772463800399,20.283879025745293
Joy,35.67475542509791,0.010552327924805,0.04916235904839539,35.71027550289045,35.656988788791935,35.673119595231086,0.05328671409851182,9.936201469989925,0.3385711990361922,26,9.937767343325932,10.564074847358855,9.48202647649323,9.990178437367963,1.1408915702071987,-0.7253532372851936,2.3537152343997345,109,52.2962962962963,-0.52,18.02,35.609535232743305,15.579903902874308,61.546445252197344,2950.1796260340275,38.02633077273116,55.028734790898085,-17.025453793978716,10.759300322181229,3.347572632776172,1528.6682052125514,-19.20258772445182,54.345656350789774,29.34999532314765,29.271459454558663,58.15714464141718,3146.233285946793,47.894984632891685,83.19924135494607,90.67315482990605,15.15056534990169,115.04156158962243,73.30000090746135,-0.006684487666238498,0.006305780987871385,86.9,41.74156068216108
Shame,29.595797637372677,0.16932353294710514,0.5739200760731755,29.907306541158484,29.31715248732842,29.584854617807338,0.5901540538300623,6.328468323564292,0.5105221502445534,21,6.480019016521257,7.643823429084088,5.63993940102214,6.362427472597023,2.5717753907362164,-0.024691100230414743,0.09780308367021152,254,54.22924901185771,-0.01,0.69,-25.705360941934163,14.122987644185065,-11.063259892562986,3456.4137379213926,-23.217728808183715,45.3784218360736,16.919378774417606,8.10475905453929,35.390835338673575,2210.863244189275,13.449881046752012,24.860096831276735,49.36842276929574,19.87409583585147,60.88128708046256,6271.673077645317,57.5686580518813,58.23388993158355,109.00911331928774,10.072548461323295,119.08763897580484,85.9434097700243,-0.0015620568081219964,0.0046393251338819165,113.82791600484438,33.14422920578053
Neutral,30.068834405540482,0.09687118572466787,0.3286318967450619,30.221236427929206,29.886159170917228,30.071246150189737,0.335077257011978,4.947781025300864,0.41660216625819174,19,5.0054330786743195,6.2092825242163165,4.571483522555448,4.868421308321081,1.9324186320591892,-0.24326723323890465,0.4975393869753471,157,74.23076923076923,-0.15,3.62,-51.5008096476882,11.856235451498941,3.0293188566638753,5703.905272527324,-53.854111466064985,68.61590187903755,20.799789752173886,10.434070282053273,35.22575630633532,2511.5624696221043,22.284273992252537,77.56140803349831,22.800058712900373,15.405097188442273,64.62057294051682,2969.874291417738,26.623529550111343,81.68748777651007,71.68906027103358,6.846394442938617,83.5867129726981,62.54833880428293,-0.0011593869519354726,0.0027129686698081383,70.13000000000001,21.038374168415167
Frustration,30.35295709463266,0.0706897352337302,0.22420125277732694,30.466761797835716,30.2149574042731,30.361421182839635,0.2518043935626153,4.274269489017986,0.22741657754389233,8,4.344114873205371,4.730718259176348,4.026173125764115,4.209667858253714,0.9150453362326045,-0.05749327956989247,0.10564223687948081,220,54.15525114155251,-0.04,0.6900000000000001,-22.402616946431593,12.527472517798769,-9.168508111345448,2800.4520247050523,-18.854471128889465,40.52095640083278,18.30883381309444,8.89488283896857,37.57770333103746,2220.858422206977,14.511611593593459,30.092203166925522,52.873028610686376,13.07924724271135,61.468952540993364,5942.616466169641,58.92926380374469,39.03039113811392,79.83009628954477,8.620192144306838,109.72232955607153,68.10739437384737,0.0032113882109420424,0.009030952814984724,77.61678429090873,41.61493518222416
Pride,30.670202663738042,0.03788359903650453,0.11081624947872015,30.73487563477942,30.609097633102262,30.670542342434665,0.12577800167715836,5.223330227136194,1.19848849071545,15,5.227673474683341,7.252189783195732,3.651976873166371,5.6741631342971,3.8430590776383027,-0.14530909441604783,0.18587040989104106,174,59.421965317919074,-0.12,1.05,-23.62200365819888,17.282190255335376,-6.543556734825572,2980.4100327594515,-13.648581762014265,51.8666331190916,17.970979231762893,3.929449149618953,26.102300420468563,1873.1884638567196,16.035398427495245,12.33967014844995,51.62411245023714,13.322385646338814,64.06483008941883,5429.018774213783,59.71092951879004,41.968210134968814,91.05964341660729,9.376540663920688,106.77853503680358,77.97576826655644,-0.0005273050255116683,0.006579240351224988,90.96333156496831,28.802766770247132
Joy,30.861127327178682,0.03032420891281749,0.13162223612651403,30.93360354975367,30.79575523965841,30.86917216556163,0.13784831009526144,4.746547233498506,0.39612243931658053,23,4.664175965180349,6.040135753429151,4.1965787268977355,4.732318180750664,2.0265830100359556,-0.09187424579231501,0.10804577526521968,267,58.81203007518797,-0.08,0.77,-24.987659380423487,12.665701195998304,-10.39702756836146,3515.213355830478,-20.17435693511179,47.51622775370566,17.3005326187573,8.4903652586496,37.60077774786106,2418.1832108945814,13.704274014670238,29.53354412178547,51.743786989959645,13.810417703469216,62.65329417665033,6720.042897880795,58.66051489370828,42.821456572871384,92.9595388714676,16.661185448218163,126.44062265207732,72.46462925844891,0.00297565163605841,0.010283644349008005,91.59721826194796,53.975993393628414
Frustration,33.03408846206398,0.021452262453428444,0.0020717202925766287,33.072188274546974,32.99518116192817,33.02868790121319,0.07700711261880144,0.1984263712788622,0.004183813965524222,88,0.20005585515459953,0.2019365770793512,0.19158590240140796,0.20092780105120103,0.011681063768594624,0.4850810185185185,0.7279921646663714,92,74.83516483516483,0.37,3.34,-44.770116996282184,4.453339691811142,-16.922409294920378,3740.486607140346,-44.932387016191534,33.640626339521965,4.19412314121011,6.9140590576576235,49.92027153452167,672.3164593077853,3.3813408966851126,55.23786133330926,43.6789583025998,5.251220623093189,50.21273411955184,3657.5496529756756,45.02975996684394,40.92045231720738,70.68386626400215,1.1271406188744701,71.90634964705251,69.05470911513032,-0.00021214261982626187,0.0011092227190760808,71.33360913825263,2.851640531922186
Neutral,32.89652727089385,0.06368105609116256,-0.25302761240708804,33.004140063618784,32.745016824061864,32.87989980457131,0.25912323955692074,0.20239500677758623,0.00849310563438024,118,0.20209712195433585,0.22469925643812255,0.18899474382807002,0.2023466454135818,0.03731096790582328,0.4294567147219658,0.7602256038925786,217,64.83333333333333,0.66,6.609999999999999,-46.24791920805287,6.170323541613142,-21.386739451837816,5536.563312053525,-44.647467903220765,39.04659952503168,4.961391341928676,9.497603867758066,49.648468179543606,1271.5261603357028,2.0000044060861657,65.70459677086748,40.40939991844424,11.14186758424997,60.74575730414015,4974.049993364544,45.0838096280141,99.80507051719016,72.19105079851906,1.3750222650126442,74.66451788410149,69.77535110477827,0.0002761697122062273,0.0014428165646017687,72.56806526047903,4.889166779323219
Shame,32.7235128601288,0.03445128774993635,-0.1271942381888067,32.792696201278886,32.65313291921358,32.720473358442234,0.13956328206530344,0.19773652657278576,0.005256332136012705,68,0.1993970481770331,0.20257801309263052,0.18885370758207617,0.200456297915092,0.014187068496330585,0.814922619047619,0.8975517924903634,91,72.83333333333333,0.91,4.029999999999999,-53.98898998666189,8.58886603426537,-13.377117873783387,4481.434514981939,-55.641090051155054,50.44922258780322,6.009388155451015,6.784289791647308,50.31778491212226,742.951091489268,5.071038763738306,54.77560697175604,29.48792375595995,11.11060252312895,50.70960505145902,2583.185373334223,27.459424615359588,42.876101535368655,71.73770338336975,1.4399995276149578,74.27226880931168,69.84413125172969,-0.000181483600902491,0.0016110649838182514,71.56574862945047,4.428137557581991
Pride,32.451823187074,0.026020183217484238,-0.10772563754157716,32.50053534011399,32.392809702572414,32.45436761955931,0.10772563754157716,0.19012060682188625,0.0044503931465392724,68,0.1907588868184731,0.19611083860946305,0.1831156941041546,0.19263479344402745,0.013291493486343703,0.34846352069576425,1.3962758684628107,94,66.02150537634408,0.7,6.130000000000001,-44.28109084941606,8.459249437819718,-15.590446233894507,3552.3245338702995,-48.339335865332565,41.36209235326044,6.640148968784611,7.596304250535257,50.5000437933779,795.0143027860113,7.574425243412831,56.18557359482742,42.66854805863874,8.577607465998074,54.45211927153465,3429.4264464167677,40.92016321481874,44.38136510404075,72.15302614532672,1.0835393627302172,74.28703635520124,70.4229759377728,-0.0004216778237917003,0.0013271678209398222,71.88427133617068,3.8640604174284334
Joy,32.30304537525637,0.008524507575905409,0.0010125064449724164,32.31829437218511,32.2872701789547,32.30381712003023,0.03102419323040806,0.18337655161201694,0.0025931502904433896,62,0.18278002527336187,0.18497828238114442,0.181622882962178,0.18265445393556232,0.02364264330321353,0.8009768029035821,1.0754079675200725,94,67.04301075268818,0.57,4.85,-46.16795965915719,9.331305347841036,-18.34408866929991,3749.5299929655384,-43.90275713955585,48.77467332778423,15.242266515427,11.928105376901597,55.96998625629635,1540.740299556921,18.459009302173605,61.188777412789285,34.480744025545896,16.62513943073413,54.61662674079779,3047.246894600159,33.91110026827814,53.36454775034063,74.04275703059392,1.3308649117908216,75.9521151768705,72.30079972568406,0.000569432672609389,0.001061777385497104,74.3292301582613,3.6513154511864485
Shame,29.267855445429454,0.09270293358284408,0.34265542045097774,29.370664837280312,29.01211206639296,29.318453574413883,0.3585527708873535,0.18219877141359783,0.012267520173963913,51,0.18559062635428838,0.21977917515386264,0.17173925646430133,0.17842359854858647,0.060964486780668375,-2.141578125,5.391911921862636,177,60.77272727272727,-2.31,35.04,-32.812083290966186,5.693836961821549,-9.58776635909144,3473.6856753228626,-32.08202065458511,48.26735443636718,16.03734449976942,12.90932534212268,64.52430222028356,2147.4301947668614,16.910270532899908,113.30069908495429,49.39418169501933,8.367190014589914,57.90537394627036,5225.568886559806,51.60293523975473,56.02886902904823,87.7138704049334,8.112130096467503,101.35435561318502,70.29004690303039,0.0028551754329186243,0.0037319972207297152,86.91957464599099,31.064308710154634
Neutral,29.46482488390278,0.17635633025419378,-0.1227547803297604,29.810857909726128,29.155066353132497,29.414113577495872,0.6557915565936305,0.1728292425262125,0.01764998768291933,66,0.17582695448928787,0.21581767049548034,0.12867076193919602,0.17303309861227942,0.09815788818423239,-0.7729370348018508,4.623897574280184,243,60.892561983471076,-0.22,36.0,-43.32812670256677,13.697699383758433,27.10006890005138,5549.29292992736,-48.01330367858437,89.61430091689311,19.097943901139082,16.996709301119825,68.4485001767166,3122.0872698538997,22.57277144186974,118.98581071636438,33.67629109586114,12.557064776156071,64.59766989053709,4389.100438889582,33.06164658215261,65.82850193669601,96.2287850418446,18.424348188629995,120.8713906494263,70.45400689853496,-0.002378039040096157,0.00572870005093325,101.87109082708555,50.41738375089135
Frustration,29.30872006065857,0.06045998678014893,0.18857609724369695,29.379743307446148,29.177560741574936,29.32150577330169,0.20218256587121175,0.14644440352637192,0.01450289561480516,19,0.15263297022754632,0.1642876003119007,0.12525823501676633,0.14871563013227504,0.04527478911828961,-1.3685203804347823,4.834861509230987,120,60.34453781512605,0.17,23.93,-38.17239715160861,7.616556732038766,-12.14820253840613,3339.3799825623933,-40.553986155124946,38.14645794259595,10.429574597947122,15.78106164103942,69.76028883562023,1622.8185312903852,12.987215048675894,115.05912904911438,45.47965031597587,8.312916457126786,58.138061573663435,3966.361475262368,46.26805704946662,54.85617551664187,83.37688951764096,6.181982115016126,91.7011920110924,71.92133339811166,0.0006102808499547006,0.005648391823575608,83.87272789978914,19.779858612980746
Pride,29.56673646575437,0.14594156067259093,0.09265214658456244,30.04584082431422,29.39079355841894,29.51987765554608,0.6550472658952771,0.11217184822142408,0.009537980990861086,45,0.11137462965670397,0.1312297105026527,0.10326271711953418,0.10881558258607489,0.03501422346486312,-5.310955666024145,8.179533866416232,132,73.6412213740458,-5.4,42.47,-44.998298265652934,11.523991535055432,-13.95295706796698,4611.718599121716,-52.48642191235274,45.82669759151096,20.855096467395608,11.601462291404737,67.64717416200818,2369.355844120904,25.7635304767934,65.62410465521438,34.46231190660795,13.98485889685806,60.221141610970804,3692.4884171285917,26.315915154179923,53.026927618447516,110.2699661046774,17.34487360289615,130.35933577389886,82.24886487412914,0.0037260575469090333,0.006334962841029442,116.24999999999994,48.11047089976972
Joy,29.461516984265437,0.03793502566368216,0.11695199840215409,29.524174097466613,29.360125318124865,29.46549007570606,0.16404877934174777,0.1092724924573497,0.016575636163429726,28,0.10690921904887149,0.15289751478416055,0.08748818579055033,0.1115829308632578,0.07737274342023581,-0.9659490704577407,4.1803051568521985,94,67.61290322580645,0.21,20.57,-44.979165859938064,10.486996285669079,-18.441824894976094,3695.1304170193857,-46.309474869955494,48.75057003370296,7.942039206412963,12.956542938940126,65.80566157274392,1215.8528261160577,6.3482389380793105,76.22779167270141,37.08264569184976,17.856368172133216,60.611074350099116,3292.88899686194,41.55804368403234,78.39964526480634,98.26579966851149,20.887960996578215,127.0950575321301,72.44600222281996,0.008135562215552153,0.007589784651507912,98.81999999999994,54.64905530931014
Pride,33.438384234865026,0.01903000183316623,0.023079067508362527,33.47527626283108,33.40139576328268,33.43437775146674,0.0738804995484017,3.55989953602814,0.43703963400175816,22,3.6109994048297094,4.3632316080062274,2.7195900643311965,3.644292017154431,1.8624413954524504,3.682495229007633,6.7037103222693695,137,61.161764705882355,4.91,37.67,-25.364286476835098,7.979256028029042,1.7786236997861609,2434.6700834261837,-23.305877390223053,37.20391634903997,-6.714413950847589,14.381641032092382,50.429645620954965,1453.291082326748,-9.246133890325282,105.58606112484193,53.6842641670605,7.309973797084556,64.47537412473282,4960.916738671829,55.78691570696216,47.33248227408357,77.88120282354038,2.582671194334288,81.66026531719575,73.67586846719267,-0.0005989951533281399,0.0016745415053133828,78.4872108257707,7.98439685000308
Neutral,33.501414181546956,0.029865603293536835,0.13815065780094926,33.57362176342757,33.42190195814621,33.50088536398882,0.15171980528135975,3.527489230320994,0.4493331393685754,11,3.7697814467632482,4.368778638231714,3.1309640734817754,3.4796593693094953,1.5493015489744835,5.32448953937326,5.492693651788323,156,71.0516129032258,4.25,27.61,-23.3036402370657,1.684893428301001,-19.914031943328634,2465.6990392659213,-23.011441854965565,9.593091834354738,-11.261491459445214,6.2889948000233815,14.152223705853592,1361.209812180411,-14.993152563792506,32.3287434679793,57.04084807944966,1.889120599460609,74.34502387606504,6022.934376629195,56.79215870645413,26.28485217571111,73.05289151491367,2.6772214633045066,77.19123249373409,69.37666222889479,0.00031550160917510504,0.002199157269915153,73.80709549696407,7.814570264839304
Shame,33.55328390261096,0.0429333570578557,-0.08468895619186156,33.60094792523578,33.46410510491252,33.575571606294204,0.13684282032325967,5.485464198442317,1.2931193217277626,18,5.750922283188373,8.211219401682003,3.7946040813331487,5.640266828872466,4.498346558127404,7.50469714506173,4.228139250418937,165,62.78048780487805,7.39,21.91,-25.981189591773738,5.445278219079292,-9.5088000229889,2702.9710389317684,-25.20407957412295,25.031783308862458,-1.9739784038212194,10.864425338339693,8.80539362761052,1124.3639907352378,0.2096753872744068,72.27154370220504,55.88838430146333,6.42856727566422,62.20749190610142,5728.266766309927,57.978152690614365,49.925470209359986,76.23394703830215,1.3420458316584514,78.23380552750955,72.78769786348042,-0.00044956122264886664,0.0010127502729933425,76.46903241795677,5.446107664029128
Frustration,33.48200382720046,0.06969712715998608,-0.1958972900035718,33.57479549660304,33.35130693325898,33.50462242986826,0.22348856334405554,7.803554922416541,1.8680397396407962,12,8.477316170036152,11.621574035714586,5.945521815237212,6.774595651136704,6.258390763880245,3.7415609183598626,3.878979210711468,202,67.31840796019901,3.31,20.81,-22.056471732029163,6.172923347536638,-9.290254055665022,2674.28034924133,-22.188054519242748,44.047210973718485,-1.5732474036896011,10.052843434844325,24.74174447840928,1188.061235465393,-0.9230530556657082,85.07374410777086,56.56130712361291,7.8287357002640485,66.92900740335041,6667.082962507182,58.97498524762096,46.5341943737354,73.02508206501959,4.339044875770626,76.53756282333937,62.253017539588015,0.000896203339284235,0.0022229973353363494,75.23875762989978,14.284545283751356
Joy,33.20013521486453,0.08056118763255667,-0.22820732265518728,33.31211052133796,33.08390319868277,33.222143287367025,0.22820732265518728,11.186830794701844,0.7553757463531868,19,11.51650080027026,12.054773223960767,9.523396578912891,11.386049804001535,2.6588757215929046,3.2320241240666285,3.2921864669098757,144,59.91608391608391,4.25,15.690000000000001,-25.735969514469193,6.368991540714063,-7.511923052890074,2473.616964635034,-26.27668225155195,46.07195039462717,1.5038934668961024,10.565900865217344,35.181436611509625,995.7404896194668,1.8243426799373952,77.183992944891,55.25141125371763,7.566988260543234,65.95733073416815,5203.1102595937,57.54543847281521,42.4865185528095,72.72104901412615,1.189459978474435,74.45047950411926,70.99613200473394,1.1060136059785062e-05,0.0013466102161985897,72.7130214822092,3.454347499385321
Frustration,29.487923376583584,0.07006923019214724,-0.16399681316710968,29.58148389809408,29.398877105439865,29.50351833734455,0.18260679265421587,0.1462078457584061,0.021284109917998378,36,0.14463449527819758,0.17060197412740455,0.11771293621241427,0.1512936520119066,0.05290640509770986,-0.06115068855932204,0.14292249872016555,118,63.52136752136752,-0.02,0.79,43.21147976007337,10.137267143285282,63.58499297040766,3857.1247143652968,43.05948496765804,63.01834744151236,5.077984326232171,16.40275102499002,66.07018008754476,1492.1805271721666,-0.332296771342546,69.97633137695546,37.85205982430045,12.23197277855503,50.65417225591502,3456.917949737145,43.659879977008615,58.041494757696306,90.15058627225605,12.757445426051031,105.73365574430578,68.05115358217797,-0.004700261615692482,0.0039892432855687535,92.85324686875242,37.682502162127804
Neutral,29.469023226674725,0.030488159900133593,0.14344900606400302,29.563461589429707,29.410016773859,29.469164534298628,0.15344481557070822,0.1956830651245937,0.02494599403280491,34,0.19926122365316012,0.22761801396638526,0.14839925907105495,0.20327619273297087,0.10145886781320632,0.25440862495581473,0.5458192449471403,199,70.78787878787878,0.24,3.54,52.0388366747502,11.088593540882778,66.05351468166211,6328.06910800584,55.02843762169124,58.156067123725755,4.6641058935027475,14.56780749799688,65.05928822458993,1819.2237211377465,6.423686748332691,127.27640642230992,14.094433431612167,23.8487256623881,55.229342184932136,3294.7051331289495,5.115095114656915,90.20758277065013,75.83498260090423,7.622062079773362,89.0894126391872,63.43178506377272,-0.00022281086968209052,0.004608308183938765,74.37597924592801,25.65762757541448
Pride,29.653117595081053,0.024763166683526468,0.12276912493885206,29.68631026924382,29.563541144304967,29.66119201313868,0.12276912493885206,0.23898427464877114,0.025954954576367498,29,0.23420934745678104,0.32059995666517743,0.2090942936534296,0.2329753939637601,0.11209315349437865,-0.03912417763157894,0.3710209405249062,105,69.25,-0.05,2.52,46.59398206401862,10.63787469961149,66.869209271211,4082.310278211132,45.097099167603304,64.91337614687903,6.325481179137782,14.370042250534603,68.53172117285169,1341.0949607062298,-0.07100826899044732,78.0439519682419,28.389787640471535,21.206976362789046,45.08855196722549,3026.8305410317807,40.24514738934228,70.32690675516089,70.60171206979707,7.7640686478361935,84.6674099865414,62.169548180897884,0.0030273589222084406,0.002319926966486746,69.07148058138152,22.497861805643517
Shame,29.843108178926688,0.017991068125870795,0.038905227482619154,29.883583702614903,29.81465399161125,29.84632408538061,0.0689297110036513,0.28324250645720117,0.00961698071673714,19,0.28372615189104683,0.30372557500276265,0.26875833870955396,0.28424172913896684,0.03800832121584058,-0.04842912426544358,0.458321116820134,106,65.88571428571429,-0.07,3.13,45.09041864300496,12.633090932228047,64.28215238478238,3911.362018530881,44.421090718064505,65.30382555181231,7.470077187218484,16.983090090233542,66.30846279556643,1549.7337142623655,0.7449421366111016,74.60981966080028,31.32617487449864,15.32496191235945,47.98369624583983,2912.956162442761,37.420724750648105,68.27345725062955,80.43164195303069,4.606269815593117,89.39876352676526,73.12411480886905,0.0011198130276492836,0.005185663162348182,81.58582803285621,16.274648717896213
Joy,29.966441134081474,0.026543626003284814,0.08733182727031874,30.03758467413562,29.927431608590094,29.963504282971652,0.11015306554552495,0.24414418544492061,0.014520409012060292,8,0.24385104420650783,0.26983132544115856,0.22495284960515805,0.24269627657551882,0.057880810484863765,0.11180527063279154,0.7984140176734614,96,65.69473684210526,-0.17,3.2199999999999998,44.21093287754162,7.535106642475846,64.363490014704,3570.1740933695696,43.419600250483185,55.540121502139236,-0.35462098382570445,12.29801470099515,52.882420248888806,979.3937830908623,0.027480462063584562,72.7283832902581,38.63348492421248,11.90110217715128,48.625370632657656,3218.0450289102155,44.100034290727734,50.384565628407806,95.23403330077021,2.352170622660622,101.46412941640433,93.0977064014179,-0.0012851322676814235,0.002294322255505564,94.01325090790584,8.366423014986438
Frustration,30.474756177771912,0.01367641309423494,-0.039413680674908136,30.506613180608166,30.447151233182932,30.47260786172619,0.05946194742523403,0.3243777388123591,0.050306848213347785,16,0.3357485997391967,0.3783014846539253,0.2383978952049931,0.34592507341235634,0.15146395306221094,0.15601319875776398,0.13756069460994005,177,58.14772727272727,0.13,0.8099999999999999,-24.715015308740558,6.705453388143429,-12.7574403370085,2599.483136110216,-28.507814795305062,21.358754499336225,-2.504936355711549,1.2505013465662795,-1.551790521289677,284.1962163849651,-1.9766203885239748,5.7405287120832345,57.37428651036077,2.4557198205466757,61.270827994007746,5829.316964711436,56.01561592314236,8.172057234032103,86.2604146546661,5.755497995458864,95.55576313719983,77.47882245253747,-0.0007509477111677849,0.004603846627784916,86.04727592447237,18.07694068466236
Neutral,30.442624326764676,0.011123474173306242,-0.0672734210987116,30.460690804411673,30.363702175376552,30.445483989806146,0.09698862903512051,0.2471632048839421,0.039728837156094106,19,0.20931590493208405,0.2251148515772315,0.20533927842696745,0.23315516490737742,0.12847284314234042,0.1750289167026327,0.857717420053971,164,70.47239263803681,-0.01,5.29,-14.841469978263834,0.8827884386768365,-12.224573597173519,1600.2647942458157,-14.99985548160519,3.798331547778732,-6.137960516318055,0.5854136814905532,-4.937694870167895,663.6490452955924,-5.924046340901386,2.620745941945243,60.95774082555686,0.07646586425330112,61.09281523800035,6561.108563144833,60.992141094186934,0.4615133712186221,84.02167287033092,2.6839029048479506,88.21901962172942,79.8176243360952,-0.0003170650117007778,0.002529488129601351,84.38370848052114,8.401395285634223
Shame,30.529582238635008,0.13160975278640846,0.21709077759394546,30.684445273893708,30.341922557091777,30.571985676380702,0.34252271680193047,0.2014079095951863,0.016609205479967446,28,0.2035052776359654,0.22299894148767813,0.1739672903750916,0.20455823583824229,0.0507230243998229,-3.013733443708609,5.566666888363334,151,64.17333333333333,-1.06,27.119999999999997,-13.614479682667215,1.1474972881411194,-11.134351883980203,1343.125712429653,-14.090524374428744,6.558372588519349,-7.055761303648207,0.40986651206997,-6.0640391372149915,694.7904652378887,-7.003999667537164,2.117401061155747,60.98033693948273,0.16492192558868898,61.270929801921824,5994.7333288700775,60.99648021005118,1.4468902358446059,85.4002117424555,1.656254069043348,88.8809246616029,81.8820527844867,0.0003663363558925221,0.0027274527783996793,85.34189809437953,6.998871877116201
Pride,30.683697022030586,0.00921593108674482,-0.011937387618811357,30.71124588931605,30.66566596459444,30.682982949413805,0.04557992472161132,0.1383190525343637,0.008388981908402895,60,0.13831109449726645,0.14843604592550017,0.12461363990815379,0.14050603285383167,0.02643631726983839,0.36868381031383934,0.859575521641658,142,50.744680851063826,0.21,5.43,-13.598886553141384,1.8759178555235756,-10.38818388828062,1167.4973445394992,-14.293046665941807,5.661834290908439,-8.152343999792887,0.2951226305974649,-7.758222992557148,693.7869342599894,-8.001300058892594,1.6174149490289063,60.88518014994283,0.29126570859336626,61.24575304478099,5178.163955753979,60.97620068167832,1.5628532289730828,83.71966063608023,3.1490440021640813,87.29945711613931,79.10512214906538,-0.00028937982026447373,0.0029050148649372967,84.12605908758168,8.194334967073928
Joy,30.556913932043955,0.03809182158985888,0.025838463178466498,30.60259300053139,30.490900161116794,30.57264410080178,0.1116928394145944,0.15547176778668112,0.014645510083167085,52,0.1585045384078267,0.1712204712299167,0.13919469427520928,0.15817085227664882,0.07964792404145349,1.4107513416815742,1.681376869499076,146,57.51034482758621,1.2,8.96,-16.29159717465684,6.906251800804556,6.628408286199902,1620.3233978708151,-16.251871516857666,63.30362804182391,-8.01421519586075,2.939298600463813,7.530573425096875,781.6590135802878,-9.005855282881875,19.17511970842316,59.11059030480684,6.732068907402821,69.50167397900312,5447.7264449738395,59.98124565674937,60.15512149236963,82.2315301856828,3.1415770977906696,86.40280699780368,77.0092261018143,-0.00034451572143381285,0.004408942128272144,81.76131502520056,9.393580895989373
Shame,35.09462328483486,0.074277128368114,-0.11641927581320033,35.20092043526386,34.959450687114945,35.1230116855745,0.24146974814891564,0.2590751215723292,0.017053244391815273,33,0.25431766605353967,0.2887650889742774,0.23686953072080139,0.2596067443998411,0.0595104558613454,1.7478461826347305,1.8189165746487206,140,76.26618705035972,1.02,7.99,48.42798567537635,9.316585712220052,61.16331365532748,5098.426113264801,50.9041705240153,31.509393268268216,-3.6670314535782724,5.365040492936191,31.172252718135258,671.8352236928112,-4.314410274683141,44.51140445530471,34.006447121782806,12.4772523173533,56.750615388878586,3744.855332183941,31.857506205555485,58.43251180831709,69.64168569245801,6.982101822786072,82.01126358873174,59.94843706800533,0.0015879451738427264,0.003788084072190757,70.54632574876231,22.062826520726404
Neutral,34.92722931046612,0.0435230095405534,0.0317828162155962,35.00248535230122,34.85958382912038,34.9218900026859,0.14290152318083926,0.16740043785918204,0.032348579823052094,49,0.1589131528674683,0.2182817458143388,0.1307750404820011,0.1575016806035655,0.09633147491139318,1.2336541002720558,1.014407786573926,171,74.81764705882352,1.0,5.83,39.17282246539584,8.148891355197682,66.6633793826661,4538.255656321579,39.9224446682745,42.6525319767986,-6.842608528933179,4.443291182361063,5.058776992792984,925.3904618417283,-6.43422847959307,40.20128728485857,45.04396693935139,10.586084593921427,60.40014242449949,5248.264057866184,46.50867873385603,76.73523138268187,72.04932223917032,3.9289651264396985,80.70013998194891,64.78876120295288,-0.0006318167836756719,0.004757692173361503,72.57181705996139,15.911378778996024
Pride,34.99998718150393,0.012883743371351487,-0.04034096171223922,35.02804617458384,34.97247473576555,34.99651676397379,0.05557143881829063,0.11718461319472166,0.011056071456987022,34,0.11827930141109991,0.13577179197768902,0.10154195408182609,0.12012645260958126,0.04320270009205274,1.704450041118421,2.1682308517527824,121,79.725,0.89,9.379999999999999,38.339571243873245,4.0067970967584285,47.652336388639334,3802.0501939922533,38.91641548281187,20.956899781957482,-5.9289618837412705,3.5006310477607054,18.53178997070437,679.0989336449064,-6.076318262760884,30.065180229482827,47.35470615690957,4.075201861556752,54.88359131634957,4687.887170954809,47.9176408560848,28.217933603739215,65.55176225595133,3.4271985560885323,70.20100144831035,59.36053375350701,-0.00029070329498190035,0.004715108475707298,65.46726453088945,10.840467694803337
Frustration,34.9115126714768,0.043943099186390056,-0.16055895319836821,34.964164069032044,34.802113408613124,34.932620409059986,0.16205066041892024,0.2860194771738126,0.07006911205791186,19,0.2733765803447296,0.3713112003596083,0.17326208475388247,0.31158263148842963,0.20010859618751425,1.4551757591029355,1.1716843519972169,101,78.02,1.56,5.34,46.83027012947821,10.639059118478217,62.688777093504726,4278.412744992403,43.80535183237807,55.65913239497559,-3.1252853620946754,7.983939173737121,39.113326326712624,763.8418507231838,-5.629921669226741,50.46403624599441,33.78857714699661,14.559392303842616,51.96918261104998,3277.7845012239127,41.07205973323533,61.987326631702715,80.62512636978231,1.805320462953663,82.62858700018967,76.42631228299278,-0.0005682962408053968,0.00204557387590039,81.08000000000003,6.202274717196886
Joy,34.95052222367637,0.045618464254854184,0.1317252502102093,34.999485820742244,34.854758439398104,34.97298110721195,0.14472738134413987,0.12059625094916068,0.014811241198762174,31,0.1150954632246518,0.1290248690370868,0.09780601940771555,0.1195271407394959,0.054290192419115604,1.041309881013968,1.1370724163260748,123,77.94262295081967,0.71,5.68,39.44068690180929,8.19352737116294,65.81130679129281,3960.22874085229,39.43951223677078,63.32757034070022,-6.4994678791546345,6.877529235547676,30.288439472836505,930.2891171361388,-6.779522477692328,65.78585655698872,43.20111966316953,14.704631200770695,58.55585289438776,4486.420690393345,47.673467102283354,72.75392292793981,64.08486198966372,5.3078733391477675,70.63277084951194,56.12095748932017,-0.0010634954737216804,0.0031203043187519827,65.12410543682364,14.511813360191773
Pride,32.573781171569905,0.19062185448262872,-0.4890286494669809,32.821412559097595,32.236181567628165,32.6706458976828,0.5852309914694303,0.17452895575480495,0.008908013535001359,31,0.17848380075768183,0.19044694344092888,0.16581932677486758,0.17334159724246437,0.02856387686706885,0.7111293658088237,0.5870563287118742,130,65.72093023255815,0.81,3.42,37.00650445789557,14.883676917923811,62.31952735386994,3721.304791966225,27.6322467718949,46.648651239951114,-9.713094036028412,6.582722728963058,1.857298135577199,1094.6851985688002,-5.885902127431254,21.831824490468243,40.87081535764632,21.471682680653018,61.761662599719934,4307.2263884681715,55.69000845624623,57.40965031243151,79.61173530816718,2.2256785770428253,83.99349988453848,76.68039431442213,0.0003315040940739288,0.0019635343562154147,79.04647909802651,7.313105570116349
Neutral,32.20355849114188,0.09703105371612765,0.17874915334127905,32.39677030066321,32.074658077597974,32.15584444014009,0.3221122230652398,0.1845818327223489,0.00649348314831547,51,0.18283147998814592,0.20124290338032527,0.17326478558983088,0.18402404608737677,0.032539180067722245,1.2553968560131161,0.6439672336740887,181,57.016666666666666,1.29,3.5100000000000002,20.768155596779025,7.047511425277451,31.73785360950993,2233.2308498355815,21.96531923847913,50.96039803932297,-17.71347523848924,11.47682385304388,-0.6102433108419439,2149.239576845937,-14.996328820127413,63.20367860877581,52.046253026956954,15.17657254782197,62.17607401037302,5520.50278894682,56.319800231652096,81.11298787874719,78.1246956384477,1.9025107287836773,82.4857089453492,76.02495382151973,-0.000527931956033814,0.0016400180772840067,77.36900793489554,6.460755123829472
Frustration,32.29168273097895,0.06704975243044631,-0.21171807287895206,32.41709682755461,32.19370478336081,32.29000452468226,0.2233920441938011,0.18147177505721307,0.0038187777512834363,88,0.18067900413932805,0.18922734452469403,0.17627941576355957,0.18156695985769306,0.015310525721593665,0.7861316043814434,0.765679313819238,215,57.69626168224299,0.76,4.6899999999999995,25.850561382179876,2.7843550245760866,27.9938292700511,2897.113668687906,26.968256823826202,20.162387835362136,-12.280080754927557,2.888817449263805,10.92614598759099,1405.6857349590225,-12.290544815600715,29.46731571480194,55.2180762498098,1.0680291956993901,60.020589306756015,6153.9412616344225,54.993591393157885,11.098045543702796,78.70599894398433,1.3829693722734,81.24101724459126,76.78196963276774,0.00019512682417633964,0.0012365091020249274,78.63058884758382,4.459047611823522
Shame,32.3669210723873,0.06839431351346205,0.16782586116944742,32.54694864654206,32.29589477062263,32.33196946943044,0.25105387591943185,0.17225256231416117,0.004626415018261018,141,0.1721941037968322,0.17930719523473987,0.1662232418229909,0.17485434171317765,0.013096081871134091,1.1837294373920229,0.6539429394785562,233,56.849137931034484,1.34,3.58,23.61179473000102,0.9740909883572971,25.082084699049524,2726.692852589682,23.98605686381387,3.472676166913775,-14.169830993432925,0.7493307302004707,-12.853580713922634,1637.227554435092,-14.15863535790004,2.5470441489338747,56.04608525467726,0.2799109124159755,56.83375916938301,6466.788619203135,56.00003306519236,1.6414768625632234,81.11836175201225,7.182338590954021,97.0043584716623,75.70081829310688,0.0015168240515050716,0.0023260299270699033,77.01830983907476,21.303540178555423
Joy,32.6901623583457,0.032135766914417295,-0.07234297613725715,32.75551751040153,32.65294606354476,32.67436702037901,0.10257144685677133,0.19558194775140494,0.009248713825836996,41,0.1982878478788735,0.2108308335200528,0.1720635029093639,0.19684635036095785,0.04128904273196274,0.8795571860164005,0.603106776667712,202,57.27363184079602,0.81,3.21,16.806054345027977,2.6183745426037706,20.105340661972388,1830.7192426325,18.04853470220953,10.738839283190533,-15.640806829832883,2.0214394796838837,-11.484341963826418,1697.4785512980475,-15.246127090105613,12.008169086482793,58.037125018468,0.5097471282609612,59.843280947772605,6246.987839404913,57.88480931762853,2.5888802710876675,85.56220199900241,11.103311253771567,101.93523880399785,72.4086125614651,0.002032673718131445,0.003938884822870833,82.95903574406131,29.526626242532743
Shame,34.58712629888458,0.03770376201176768,-0.07578083830465943,34.6289395035932,34.48089066086193,34.59255305281937,0.14804884273127072,22.227459162215645,2.3919483044208243,11,22.439526558525987,25.884964033043012,19.890191187332416,22.238406343799397,10.379280952770616,3.1857459677419357,8.267491612036341,90,65.71910112359551,2.32,44.25,-42.840985152913774,11.954211428931865,-8.245041674478141,3431.408300673388,-41.39388373595855,57.94610339026056,15.567093093243999,18.84358967636351,51.79542222909658,1885.687042736561,17.9075301174917,91.68463054390854,33.423649179302195,12.273220288026064,49.348911314278226,2746.958408073068,38.39313680270725,54.49180294545206,79.69672902109507,1.0696455547502446,81.26767693120244,77.81801777925237,0.00043250844185726395,0.001702735270787408,79.64811412436873,3.4496591519500726
Neutral,34.23421472913072,0.11721272791540298,-0.34672264503553407,34.490252109284036,34.083305990609794,34.225086981863065,0.4069461186742416,18.895758198492487,2.5060309881405027,24,19.45841163380896,24.99382059719319,16.675054441212193,18.72864364313197,12.818117559252656,-1.7579148424757487,8.063710444666363,206,56.59512195121951,-1.66,54.27,-45.78268940799863,11.240496070678127,-6.787168737126604,5088.101534193141,-50.860157570659894,57.01097875710058,25.096456704784057,17.932049206917526,66.33078504398416,3329.0761870888455,28.880662745283768,122.4725037028645,25.683425204071007,8.817308537965378,49.51882903183593,2930.832236160576,24.05593794589237,55.168486968529535,84.32908783915516,8.0862501838695,98.24758961690324,75.49859963071827,-0.00014452132890948973,0.006038199200718543,80.4838846044642,22.748989986184966
Frustration,34.18181483591384,0.01626000705382341,-0.01908914479812296,34.20982531100539,34.12978213571546,34.185811438897886,0.08004317528992999,18.542383678955236,1.9892422436526762,5,20.461501834486928,22.843096414094344,18.26329087481473,18.127806954554643,7.637308901530059,1.6524721534653461,6.518243591616177,106,60.84761904761905,0.48,29.37,-44.238551660216835,12.983505951420767,-13.386731639157718,3706.752401621318,-41.50543091330946,47.639183494185,18.707407003699732,21.491972055755216,51.441620902378936,2290.8383220736096,28.7091544537475,75.86327296930332,30.227012116665342,8.643713410520576,50.22681863313714,2527.6327625089702,33.407619957289086,43.25875946921415,84.5297556785664,3.4917158799691936,90.33924213970819,77.7777135752254,0.0005891942802412578,0.004118104280509274,84.2536830570377,12.561528564482785
Pride,34.22129672721733,0.06251963169508924,0.1612346944617613,34.2986158669031,34.06074297172035,34.22971443187589,0.2378728951827469,18.658526069648428,1.7811565443732216,15,20.058721998166323,21.15749905544148,18.15188770695071,18.99487373579008,6.605908368847835,1.5374421246981962,9.074387851237473,109,64.30555555555556,2.97,51.65,-41.43664857315992,8.391545162837179,-14.434655849104919,3547.559879022687,-40.24755573240305,44.82675606111732,24.632840286552135,15.705438927132409,66.32354675822886,2451.337261632566,26.530512904684706,109.49536679144828,32.25735187566426,13.839635267989685,50.10706190676515,2945.338816350247,35.738408390682906,62.562718301289884,77.10231007557024,1.3544370966579877,78.97485374029601,74.65179723508278,0.0003213444429566466,0.0014851377105247383,77.14859597529005,4.323056505213231
Joy,34.12439199609797,0.023164796437837414,0.025516914179696926,34.15448961485609,34.080949452149305,34.132609299165104,0.07354016270678443,16.360445216048358,1.9795811499765943,13,16.989644811780238,19.297415021820306,12.64348289276863,16.380207778619855,6.663030425008612,1.153448146056841,11.472708403026632,81,65.0,1.15,62.07000000000001,-32.55431724584529,10.876967344071714,7.653972570496833,2501.8398714924115,-33.31748032743822,62.51667319387184,24.118199734992192,22.174923217141757,50.683374970605215,2388.106512757407,26.915801926202306,112.55237875310468,39.079388199883454,8.99142562995388,53.3648372070203,2922.9333649404216,36.42021655059071,40.238437337347264,77.27279320395864,1.8006441707558958,79.53174596301409,73.89414702062892,-0.00039911432014006577,0.0032312047832316576,78.16858131788268,5.637598942385168
Frustration,29.804526318572158,0.09225782081170449,0.002499670884496652,29.959275427387244,29.595999292431177,29.799256743998257,0.3632761349560667,0.5709998522259431,0.05207240016576514,28,0.5979595278053658,0.6485771429180404,0.4875025209684517,0.5737067545245027,0.16445146260315402,2.5038880208333336,3.718371530175408,167,68.60843373493977,1.95,25.1,54.3185302161167,6.860753197455892,62.462198010125476,5876.39660292383,56.60158029932076,31.913755347049594,11.452250051094335,10.900696962981897,27.909587000214565,1696.9857624308727,14.223831326847488,45.02486189339637,4.9672614643831885,22.47041270942838,53.1043741722212,2470.0026115842466,-2.803740167079172,87.40377065753631,80.83610175838817,1.3045875934287594,82.97328161123225,77.91699143561954,4.619802158002025e-05,0.002376707304702604,80.75407244200653,5.056290175612716
Neutral,30.196908414330203,0.1050811244636851,0.2840102810895573,30.295790497638738,29.93201232874607,30.239356279223504,0.3637781688926687,0.74320961210116,0.03881568930011079,38,0.7517077844946677,0.7888681736304586,0.7324436501807492,0.7472923454560234,0.23870830932525078,0.16797859002796786,3.6113770520000408,138,74.26277372262774,0.14,24.75,47.33483309708239,13.730249717692011,61.62518667226185,5018.705211248516,56.84606146546621,62.41305987106095,18.504238868228494,16.685145402553715,64.40109573250633,2537.1410832505553,26.42922340837657,78.03070301243953,15.031707960214483,22.820091203259988,63.74095439682672,2782.55702851618,0.8338671927647887,74.06658734691376,87.31606491644703,7.3962210841108735,98.33893254223888,77.36206239852683,-0.0004453307129645045,0.004540106173897227,87.95871840863742,20.97687014371205
Shame,30.162459380651214,0.050921686670972625,0.08715366101391098,30.3214066879311,30.03314784054937,30.163219984559333,0.28825884738173,0.7396793402093476,0.0455871974631475,13,0.7613620636587567,0.8596519132476379,0.7076170681088662,0.7214714168073921,0.17279443384687554,-0.1030415076335878,8.881594792297992,121,68.625,0.46,59.06,55.27986378762345,5.153972127555047,62.588119388538914,5083.607580437473,56.88237198081543,29.857144147786876,16.03083518900694,10.348435812182997,35.99046922122908,1747.1199959831988,15.859556372020416,54.64765405493908,7.303443416186453,14.198985495895093,43.662338066948514,1462.0236540868636,5.53229168083665,71.64008256275713,80.18397706634934,4.86159584330276,95.38487696234806,75.05421482229734,0.00173156442923604,0.004864429185950668,79.6644708376368,20.33066214005072
Pride,30.469434325960723,0.04333821275712148,0.050214553053034905,30.546791063846324,30.382573626656164,30.47835087783207,0.16421743719016035,0.7410791201359107,0.036647641383495425,24,0.7385923079563627,0.8105227734814225,0.6847506616986969,0.7298224479546853,0.1335303199323824,3.4094456204011694,5.8763367046413455,145,68.05555555555556,1.7,41.989999999999995,52.81442330793042,13.486890544977495,64.12452769253821,5429.3522409829775,59.6502028271169,54.01971104931981,14.011493370563016,4.488958996798178,25.038989661044504,1465.477959654854,15.005282600547766,27.25207435514491,13.65161224311204,21.298852337424567,61.00853175750315,2519.8245325193852,3.9812226314086527,75.5262003655562,89.71688778003181,7.690523972705104,100.15000000000003,76.8721127759724,0.0010669660389642378,0.004305513783065706,90.93037571867913,23.277887224027637
Joy,30.641295080277228,0.06980077329159667,-0.21634952804209107,30.759895389002537,30.51866442959042,30.634343764072593,0.24123095941211758,0.8577646245027082,0.03449053893604423,22,0.86737527573563,0.9164166117705244,0.8176958402474683,0.8618789176137572,0.13616606388410124,3.7598694342149317,3.07231564787149,134,66.60902255639098,3.05,16.93,50.922406862697926,11.34448482750586,62.88594878734854,4938.618222217012,58.58417626832158,33.87471320372353,8.773772225177401,4.429179223477057,15.828301807036443,930.3779324974939,10.196439651154378,19.445548783773965,24.156611888019327,17.977134994726374,57.985127852838595,2850.4581163038606,18.650029113802326,75.16631263913025,94.53668611717218,6.434408208631397,102.07379255702556,84.4851962449236,0.0017155344702814242,0.003702143642837725,97.15157266939278,17.588596312101956
Shame,32.47447766014781,0.19783839341046797,-0.4109145725694461,32.82649427732849,32.178420221457976,32.40742607051121,0.6480740558705165,0.16563955250082607,0.007452070037301062,74,0.16478623330690567,0.18606343380380694,0.1496009474728691,0.16521370081618525,0.036922895452878024,-0.13990091463414642,2.49822887370753,220,59.39269406392694,-0.03,14.25,-53.86211646697822,4.559893928727397,-39.68945676711823,6191.57438177235,-55.75016334305866,20.55990300716479,26.782873842950984,5.195323752699711,36.80800107833576,3124.963361192936,27.641472798047644,32.63673978890927,-4.138258553319757,19.432947635330475,49.51308441247604,2275.8101955104385,-10.294931817993458,79.49954111438106,87.85247089941099,7.904131680573087,102.08531049311686,75.80004710502337,-0.0014651469290293667,0.003605514944385437,90.12049814144052,26.285263388093497
Neutral,32.750422884639214,0.22034068150454258,0.5662884297319124,33.017046257194664,32.41227035007492,32.75973079061854,0.6047759071197447,0.15948706653734182,0.004916350904775885,95,0.15914357551570726,0.17422480472896726,0.15496317007386118,0.1565809662199034,0.019278178926108697,0.3793987216917857,1.487245567506684,184,68.97814207650273,0.3,9.83,-46.826597082446256,13.07098024967178,-18.730226949200986,5472.993554902288,-54.10058404504251,41.351673565047804,18.27306651490194,12.2829971399284,55.990426667355024,2478.624346238528,24.06392934072951,58.211297072203045,16.629698036286943,30.45709617830472,59.61614753667095,3906.480892766185,3.6792450887305117,87.45782233064357,103.05843531363895,7.832338757742074,113.19889985568976,84.96373911761125,0.0006053424992177041,0.004926528985645442,106.13372395710125,28.235160738078505
Frustration,32.88725794062676,0.07389079975701324,-0.13561007885767395,32.99831772910541,32.7632214186906,32.889150733875425,0.23509631041481072,0.16552501294623667,0.01282160492888467,70,0.1628043468156806,0.18655360469881427,0.15053362821589802,0.16185645452075897,0.04319977870143171,0.2778515625000001,2.191864364879213,175,62.98275862068966,-0.06,16.27,-54.1264655868604,5.369087706027351,-37.897916905775624,5706.76643888326,-55.65841656309686,30.393645788451458,25.74020799943011,5.823588600275165,33.99931356982224,2768.8931348766964,27.803788239678312,22.869073993780642,0.9066049775998662,20.31428079630413,49.19820462558833,2133.475858995444,-5.795184636739993,74.61630598125691,100.09989524848129,15.427022878814688,121.98176383181448,81.40642935665146,0.0027657580095567834,0.005949080559090938,99.20921123840736,40.57533447516302
Pride,33.664453054266396,0.11373571611707266,-0.33443075406734835,33.86068654394756,33.50434916170224,33.6242762320406,0.3563373822453215,0.16646400072281578,0.014825906651346794,55,0.1649340584565262,0.20609069715135894,0.1511522715314986,0.16142887798234096,0.08145903433021143,-0.0679818803734862,1.9221638103996808,181,59.272222222222226,0.07,14.870000000000001,-53.33922265090202,5.131833856640559,-37.264945554410836,5573.152121860109,-54.27298904107943,26.158925701057946,27.037423887754937,4.661406727993387,34.57644298164424,2853.5079465964454,28.549825050676326,23.863192972962793,0.051121942358609285,21.097219502912466,45.24914026986624,2194.2186967729026,-7.737358296311795,69.26492450289084,87.0805206424389,7.187858256394608,101.99542992963879,75.70032482833082,-0.00208945779607882,0.0038735004567468055,87.9397468389758,26.295105101307968
Joy,33.8854616779894,0.09098226975655889,-0.190557740625529,34.04492251968797,33.75261449076663,33.83750442380064,0.2923080289213402,0.1610953699591718,0.006367165695086897,62,0.16250947561149956,0.17418081835943755,0.14916360885559907,0.1616866731491371,0.025082635743010673,-0.08441894003124624,1.6515031742980049,139,59.405797101449274,-0.09,9.23,-57.02392756841318,5.118848609954643,-39.07837136426369,5222.610768450461,-58.91815627298214,24.28296140874152,22.317576986948406,3.2653728828817288,29.00183316308243,2057.47412299793,22.506298345195326,17.85365013881539,0.6974513977128409,15.609038421907588,47.492107042312924,1425.269590582702,-2.0466349251736564,70.1689352205189,102.32362318807009,4.876880451619522,108.80280456701516,90.51562800110528,-0.0012062063121446654,0.00402324069277076,102.44493251706113,18.287176565909874
Frustration,33.13067249534911,0.04261233997855226,0.15699692442373703,33.23513811718987,33.04549161970629,33.1303082380677,0.18964649748357942,0.036618844044006935,0.003963305329719063,128,0.03814241680948268,0.041596047801651985,0.027344815384866807,0.037707957972908414,0.02122135792717222,1.9111752424568966,2.5542262612469417,206,71.78048780487805,1.37,13.85,40.94342708032545,18.74992379895769,90.2218978318237,5487.313871647067,48.84432397117203,83.55100430408143,-13.2134567494478,17.05964198889281,70.80675886322145,2629.377698928761,-15.255034556887038,139.311438741436,24.39538902756322,25.566004457786065,57.51599772140348,4305.986878345613,17.65205683272861,73.67249589804611,84.85409241691359,4.15966714148246,92.81301192397031,77.87990794249639,0.0001089409413757177,0.0031163797428829408,85.00472677808837,14.93310398147392
Neutral,33.28598114238105,0.04038229436481486,0.0928836429451394,33.3459011509403,33.21262374504162,33.29412492464241,0.13327740589868142,0.040677635024503916,0.0022494082034935155,103,0.04063309577129066,0.04706545220124815,0.037563881414945544,0.04025006485432435,0.01102446405410542,0.6174570565386275,1.9893361299181285,160,71.77987421383648,0.87,15.82,46.03636322515251,10.916597020961838,60.5823962031162,5092.469012173342,50.95392527619905,38.28084866230709,-13.035626159449075,24.20179266677365,66.59693235166692,2958.759076036162,-19.28547076277468,99.42461089701246,23.212655728389738,16.573622272412948,55.8767594104949,3069.941444510817,20.555717637154174,67.9502829888514,95.23653709047313,11.699500208441918,114.99931527909929,81.09783105253118,0.0004152727963940423,0.007878953032813024,89.91498429167,33.901484226568115
Shame,33.54273656237182,0.11326635143028528,0.3729033578377994,33.70195021267515,33.2958743970271,33.56224413976772,0.40607581564805173,0.046492117765357756,0.0017695257149112891,275,0.04682950434566135,0.05016349167120931,0.04098402742389137,0.046842525058964364,0.009204208655401142,1.3431670281995662,3.0638725833801166,402,72.98254364089776,1.62,24.18,42.761619894396226,16.964633289100277,62.11506869295151,7901.957701680985,50.33782657000476,65.70892529282196,-6.146039936123381,18.07012467642078,70.94182593332015,3278.475558552542,-13.934202208573188,104.79774298637297,21.538209467256202,24.74292661277906,63.93745777941367,5634.665697088917,17.49966258086044,82.31251860103974,84.54793633439938,4.316962358549699,92.29671293564623,75.38204311721587,-0.0005321469073091034,0.0022985033426774883,84.99306199583883,16.914669818430355
Pride,33.98012734154788,0.07876609819806507,0.27720734507916944,34.13230696675876,33.82209832584256,33.97912661019896,0.31020864091620126,0.07053044533400406,0.02747091790977335,174,0.06284416963869784,0.1476848018344609,0.045090502790003616,0.06514157112279845,0.1784470850571821,3.1834276433327924,3.7686811072482356,436,70.45747126436781,3.04,29.91,40.47018196784832,16.867612601310178,65.91915703579807,7692.828206083325,43.3382058441047,65.16069655374307,10.145420737095794,34.900435024574904,62.45189830568962,6376.994527023314,-11.73379999380822,94.2723501174677,11.944795944898207,18.505751445332752,59.77151121487887,3864.5912172217245,8.065634361433307,86.5091282594527,83.91429021348213,3.7937073394076837,91.75708845371916,77.066294745263,-0.0003119433743498964,0.0026705718734624895,84.87410970535781,14.69079370845617
Joy,34.18658527904856,0.027294170920638166,0.11995115639059861,34.23913673083731,34.08315987912554,34.19060738097493,0.15597685171177034,0.22705845866931643,0.14079140430739334,26,0.18968165448012805,0.5132167023497411,0.042977978593534236,0.20548240732265133,0.5358794986674775,3.183979128589116,2.7008779146515844,259,65.48062015503876,3.15,16.869999999999997,36.100997963181975,19.371604086357994,67.46375244507298,5335.703850198469,34.13276757119331,96.28058765547334,8.48929764414875,37.39428340283945,62.92085299603181,4993.942798363392,-4.721112824813854,121.22246278088235,15.175817913196429,17.011395284384545,58.509447901961224,2968.924602076967,13.876429671833053,80.37759335108677,86.47400129861951,3.600808585565218,94.77723010118926,77.92951414258157,0.0005095714433069022,0.0031594621099930906,85.57477377756308,16.847715958607694
Pride,32.73849419657901,0.16046217783081623,0.549728271320312,33.04059749794059,32.47710353135843,32.683664004999585,0.5634939665821577,0.8284069758584451,0.06294886853808139,34,0.8329725388490481,0.9240124602451705,0.7191947305764739,0.8405206368890319,0.21418872134053268,-0.11826923076923086,5.958176736323352,248,67.19838056680162,0.91,39.22,55.14892898402081,18.148297990602725,68.05013856857344,7489.294430384637,60.891054919110545,106.09221427651383,-9.453068150563652,6.21684663804822,20.429912878728196,1459.4797251811117,-9.188686992485348,59.22377041077204,-5.376805760107476,17.75496256314786,65.0825909528433,2393.0388554563347,-9.617282279645622,97.40679177310122,72.33699170919593,6.8054167957356695,83.84187702648155,62.837125673364746,-0.0004542495052419267,0.0029447123419159855,72.1811601341436,21.00475135311681
Neutral,33.13509227526276,0.0721849319759208,0.06980305758261807,33.280269862787584,33.02662123806938,33.102209637878886,0.2536486247182026,0.8156517483073554,0.049701683381192414,28,0.8069953945662319,0.8985527155128749,0.7457905327586982,0.804793257759232,0.20060611511976212,-0.42722796496488613,6.658112144448491,174,72.64739884393063,-0.41,35.08,26.105861838097518,34.04389315981192,65.39379728010564,4829.56421549881,33.310039989558945,95.60672113674337,10.862138375201583,31.371366605426285,64.7908066288042,3737.315933062918,5.599830914087981,134.84378201703072,20.047069803839133,23.110222001717432,54.5355623462228,3444.054944885669,13.60767270229868,76.73184417284159,68.82502734429194,2.9654962633046194,73.84937843736282,64.57089755564989,0.00021944734682661702,0.002065377689825583,67.87686500368264,9.278480881712923
Shame,32.7573264353533,0.21113066139703726,-0.6860778060897843,33.113963963957865,32.409377976945265,32.73684882526214,0.7045859870125994,0.9236902657237729,0.050124988426127844,73,0.9140483725107243,0.9838971547619888,0.8091957939477256,0.9263182239665231,0.20659438409573794,0.3860096856725146,3.8022900249390785,311,70.1774193548387,-0.2,29.85,26.558906641354692,6.419667399318454,63.244953939112726,4042.438684269339,26.036941127420313,55.30371708898915,0.9219549537483156,7.580917740769003,57.18079485880654,1129.829654766322,1.770819933650071,98.80159994751466,52.46948053263237,16.720405755955944,62.744848328658435,8147.266448098104,56.276620402973165,111.73345341850538,72.3803900812242,3.979845314885558,81.44486865652735,66.12472038268943,0.00021112005687683202,0.0032671271330409787,71.28600155497935,15.320148273837916
Frustration,32.000049351210535,0.05003249314200972,-0.10275488095623331,32.08975944637214,31.894380391705138,31.99713527266137,0.19537905466700423,1.3930683479430725,0.03405274594836517,33,1.382385372249977,1.449112379406457,1.340558186283928,1.3905460455424674,0.11908000898723459,-0.0213888680237362,5.847845530616035,184,72.34426229508196,0.28,38.56,31.595102353004723,12.21418481588228,61.30631077848484,3908.4301405861465,34.041582412732964,104.21708806313039,-4.895859425847559,21.66847439978319,49.33765918947914,2563.174195387857,1.9451739931477199,134.52362032786755,43.872813922816185,17.816699043120774,60.189788976630815,5463.624098814007,49.07019724430844,82.67993079565841,74.92660321121593,7.077614776875777,87.1879295331388,66.77510138581684,-0.0004319942461329285,0.004264588512841131,74.94235147089026,20.41282814732196
Joy,31.381131840968,0.11972985927830543,-0.18433958227967295,31.55331951487889,31.144374789849813,31.385978623653028,0.40894472502907675,1.5555424941546983,0.02665598504963603,122,1.5515261161047411,1.6330688687078576,1.5331583045642823,1.5499391039888806,0.1594159339203347,0.9284508013096675,3.27772289992657,272,63.98523985239852,1.18,26.86,34.496828992016205,10.231451978084738,93.7189864557403,4747.5965386547905,32.96026991666696,92.20496109273891,-3.36509600076758,16.421155398886313,61.60352536437164,2211.6848233014343,1.5534476234042895,128.79436791874423,39.408720122092554,26.920399403151276,58.85794300057811,6297.097663454028,51.230022998367595,106.72557192246516,73.78779963885357,7.083589123729085,87.23259995960123,65.71487987128532,-0.0004635666334572974,0.00310706863594801,69.44614643015088,21.51772008831591
Frustration,32.81310063877393,0.10872402676385633,0.3747887676359696,32.91161682291681,32.47986731960869,32.86042096070955,0.4317495033081258,0.13159519784067,0.02333425161665881,133,0.12485634400376376,0.2020498400696617,0.10488422599184398,0.1238701577279524,0.13532834030374008,-0.11802460572429903,0.8154362699121557,423,64.72511848341232,0.04,4.76,-42.2359698457846,6.781740459365756,-18.823017718870336,7079.81467444729,-40.753904318762466,42.69225402747169,6.4874744432166525,9.105135238819118,25.859860341065822,1850.337356375859,6.182505019382244,61.05790086042951,41.68484900622344,14.05144616655851,57.681322526714105,7280.482903309308,47.25163749580564,78.54291068463078,76.70556141435787,5.707202104347694,91.22362725253494,70.07208666185703,0.00010081456420079143,0.002314555037870028,74.90933759718872,21.15154059067791
Neutral,32.77244905739105,0.06501830127148966,-0.10112792481124444,32.91734773366793,32.66620064571453,32.768007502929414,0.2511470879533988,0.18466644743222235,0.0365431559991784,16,0.21088030099394686,0.25258856909280036,0.1515900673131844,0.18651027782861312,0.1244537078327686,0.2431691283189618,0.3209324545692876,154,76.01960784313725,0.32,1.45,-48.005581180065384,5.754084161839575,-35.58337385781562,5232.670398950431,-44.03650434970847,23.024879253952854,17.44994574995453,16.42323629303206,42.12908751379859,2593.4296747578665,3.71341898623498,42.738995130687336,23.83550791720576,24.549005153785963,54.01639611548094,3703.1615923721415,45.02411117394881,71.43069273467665,71.97066643460876,1.558719227873201,74.26832845214527,69.48532116574661,-0.00014360396988239932,0.0013068651146290807,71.6552896313281,4.783007286398657
Shame,32.715562649707266,0.042351517702528874,-0.11286907841657268,32.830344584468094,32.66817669701755,32.70231102583428,0.16216788745054345,0.12112705089879401,0.008447430631042821,76,0.11945054082160148,0.1363601097637096,0.10475826496270525,0.1224533754047301,0.031614731631912876,-0.19846578054298641,0.6517387392911592,226,62.28,0.01,3.2,-42.946170017819746,8.598861043296463,-30.246199039573312,5208.8993302004965,-39.73766064171113,32.86409408695989,8.58912140110319,6.513199056892425,23.572112592730555,1281.9745723748028,9.13061694173263,52.55539859714194,37.170994782083795,22.279304602255976,57.3802757745379,5153.9444090419565,48.22593177554777,86.64562550964754,77.52087522011,6.840458990319634,92.02036158731232,71.53003973253476,0.00135049856444927,0.002338683839983906,73.95596897577943,20.490321854777562
Pride,32.46204774834644,0.036931621865806626,-0.18295084618370794,32.54926481231011,32.363689449466335,32.46745274461895,0.18557536284377818,0.14841223575100504,0.026557790123677608,105,0.14192157494594185,0.20139916536157892,0.10962850469722026,0.14957655674750034,0.09292057176504016,0.12871229465397438,0.239812531058913,416,59.63855421686747,0.16,1.45,-41.67886148220811,6.221334800142202,-35.90832302829574,6649.278290242896,-39.96880495712751,28.48357668734954,7.643923497896273,3.771097411767901,25.580227750357636,1344.9109735699492,7.004562706367224,25.108373117417813,43.78957441982832,14.519183179988199,57.35576226823112,7279.362564865191,48.36615647125003,67.93003760981317,71.9705120353648,2.3274125873806097,74.99931695649067,66.16306058662545,9.814966232517252e-05,0.001490276370254744,73.1267970243247,8.836256369865225
Joy,31.89226874444695,0.09699241564493316,-0.24578959401320688,32.17090991717373,31.78459940695544,31.85300366098472,0.38631051021829066,0.24845411213218918,0.05878233719110693,81,0.24117503770814533,0.368959850035476,0.13610702832894175,0.25612754226819573,0.23293021747091341,-0.13022607582414386,0.6452356822214406,530,64.81663516068053,-0.06,3.95,-48.73486067967185,12.47800487357398,26.36431903831283,9326.340495219956,-52.16034604001788,90.84931268619825,22.030555818107956,17.271214410316322,58.31803549576729,5189.694721340192,29.479723227836715,85.11323727431515,8.862135844958571,24.019403892302382,66.72287904466069,4746.3482228918665,12.72587253963588,126.76463877363304,76.94927476690427,5.727323761377073,89.97521704665886,68.21103559859698,0.0002476477170470899,0.0029562643333591455,77.20098326523069,21.764181448061876
Shame,32.244492172296646,0.07547967195597373,0.22617619313727744,32.402538670273465,32.158114747075984,32.205982411531544,0.24442392319748052,1.4065623093588437,0.24077922685228434,30,1.4653249791964853,1.7517418291660745,0.910424050583744,1.4875255112251267,0.8703925211869251,3.4385697773972597,3.843627096911717,371,62.894594594594594,2.56,25.61,-60.39693544820419,1.833839118009811,-46.54366185784264,9235.308813522259,-61.04340678897023,18.08622436260584,19.930964734824787,2.922771039304236,25.073824087203004,3078.8244013095023,19.21541330115606,17.75717476884228,3.560759344076895,9.472121829587792,41.573426946958804,1546.630632718943,5.11657873796455,70.48974410223835,76.31055383386406,9.911529235275589,95.39999999999998,66.85098319086475,5.9212279245483624e-05,0.0034754487726858497,70.55343587499596,28.549016809135225
Neutral,32.46078346760559,0.04523438185547806,0.15313017627305925,32.55143225684661,32.378646748838705,32.45997949177299,0.17278550800790526,1.1770837781518393,0.10223121673368182,12,1.1447819242949564,1.3744584835903013,1.0257052730421385,1.1720054451923747,0.39682570510615633,3.4460380513116173,2.7145878715700875,242,71.73029045643153,3.83,18.09,-56.731727460077444,10.779634127666622,-5.23653831942465,7605.273687405849,-57.543074237667994,68.40350847694319,0.5760982303342522,15.9017532327681,26.961924267290662,2095.641465837495,-0.5029975222969357,92.49826558904633,11.006034307600155,19.1374441310335,58.00879600183603,2907.4923433598647,14.135047647235325,82.513480496598,71.43221814471738,9.84693153998517,93.52758501823183,62.09826025560448,-0.00015740861621837062,0.005997039873197803,66.31993620592516,31.429324762627353
Pride,32.77490717367039,0.08089477823388933,0.28157575960975834,32.849554684971615,32.54423197726515,32.802485928335,0.3053227077064662,2.286600903226455,0.6437019484227476,67,2.3609858625833637,3.6619587647015783,1.0269048252256103,2.3330251145573033,2.6683236381000826,3.0387404918864096,4.677175802058917,438,71.96109839816934,3.13,31.160000000000004,-56.88651416667884,8.412589076917556,18.565751354232237,10214.579836961118,-58.89179498803439,91.06554960793615,12.316920025938272,9.611552740556947,26.543256601275022,2775.153914288597,15.07973411420048,89.23317049715095,10.09923568350421,20.0023803286771,53.95158046903728,3980.1930537345834,16.58489576148728,95.39143490876478,69.9320860783739,2.1841779694702637,73.77119077529909,65.52389696452818,0.0001320392662312143,0.0021931394505387497,70.10498086506982,8.247293810770913
Frustration,32.77018621264494,0.04775455108632782,-0.009451252929572718,32.84616145093627,32.67517322746677,32.75810395578256,0.17098822346950016,1.8007492338072966,0.15181503855521383,43,1.8154344301977483,2.2031017087752063,1.486592377962053,1.7940076832130294,0.7235065695081837,2.066864939500745,3.8457448045237936,399,68.80150753768844,2.07,30.73,-55.95837810325458,6.990907632013146,-36.2450345872565,9355.353461017796,-58.67517446387226,27.73078924315216,14.078112444776307,8.55947844777463,21.916071948007307,2733.275224388083,17.295598240822677,68.14706793031509,17.568791960926912,17.445006141253188,49.840726861360125,4107.32477239735,17.07476325931733,78.4327800403383,72.93920245785031,15.473600486489987,113.2654510420093,59.9681410901953,0.0016074816728435754,0.0046993797535850946,66.91735976544476,53.297309951814
Joy,33.17687734663271,0.10724934704468461,0.2331392576421365,33.31697366769273,32.932901821098916,33.20307512792982,0.38407184659381244,1.6250216868818792,0.3391018656737932,64,1.676559190385142,2.304420965560328,0.9760752728257127,1.7117093291120145,1.3588306451974104,2.528142125865703,4.785173299548982,454,65.69315673289184,2.71,48.81,-56.35098395228356,7.085852294449129,-26.604440794644887,9818.922268493561,-58.64693122053226,37.36835221083837,14.424612080783016,8.789847393651788,26.98757214387822,2920.3174146134434,16.211940957044302,79.8758776718404,15.930568996914275,17.131880759982366,56.823828572912205,4044.475546156844,15.87873462886393,80.19285229465945,71.70492107722382,5.6144199819863,83.14741358441876,60.88080779621139,0.00017664449929195478,0.0025493431313939265,71.8591417350686,22.266605788207364
Pride,34.2923104807562,0.08135451050387968,0.20533493789310597,34.443890143558235,34.17065204542,34.28220838085575,0.2732380981382363,6.764710428976484,1.5367516041429317,17,5.867063292483976,10.430093042821325,5.401317523052731,6.210629559892829,5.103705082657246,5.454685639880952,5.7525355995245055,154,69.17647058823529,4.85,30.24,52.94670950446967,5.164319995226124,62.09913453771463,5516.196218265581,53.9395139084857,41.31595888343843,-21.664210843605588,12.267663561828785,55.531715977168325,2581.559775636136,-24.223286627591374,89.47080880328822,15.666781788008878,11.469114262175712,29.928333962965905,2013.3012163981675,18.098467428919058,62.81418661801611,84.09830564002175,2.7573991561098197,91.404576556056,80.80610219197293,0.0009857212020166549,0.0015485021398222827,83.11646727766694,10.598474364083074
Neutral,34.43869633008346,0.030825676123169266,0.048334647928228947,34.50741952926771,34.36183166172265,34.43957013653286,0.1455878675450606,9.36482511646243,0.6836837561527516,19,9.553462672698112,10.809152854955318,8.528219185353084,9.09815583122514,2.4884613770818422,5.083639082006429,5.31805695097686,196,67.59487179487179,3.8,35.31,50.29802627928516,4.524777350083449,60.39697163754925,5840.910320858468,51.237735671272326,23.440369107174696,-26.992430893463688,3.2698630159906443,-3.746360378432391,3144.740545919942,-26.644270721931154,32.18940277617412,12.929750731296688,20.24290142539467,36.01204209428662,2778.1121523888924,20.691857777374132,81.59826110521207,96.09307306773619,7.479029532688894,105.9920302051025,80.79996652373798,-0.0009151168561840357,0.004151273465381746,99.44715012425223,25.192063681364516
Shame,34.4887391939715,0.04809617732517776,0.12441279268589511,34.580237939672074,34.38059938195557,34.49163811894613,0.1996385577165043,9.013163857464814,0.6962360741329222,44,9.157266144528778,10.809792659967146,8.358849293158123,8.59458400367684,2.535385205953258,3.7970232712765966,6.380574215221371,213,70.41981132075472,4.23,45.39,55.06313492422736,2.896882870543838,60.458730165685324,6762.153872921092,55.84468552690218,13.883056137375135,-23.549451933883592,3.3743181383775362,-11.050658781808778,2917.5467687169253,-23.208340203439505,23.596217581102913,7.658253122078025,13.094276287454333,39.25161901118943,1860.332777248485,7.833741486734025,71.6236677596928,85.1131437442611,7.990029966857146,96.24679599274964,72.73211429049574,0.00045087598019534145,0.0034096995000561683,85.9487582142911,23.514681702253895
Frustration,34.72007286574934,0.0689789802983725,-0.0958705732209495,34.83873385880647,34.57654238505136,34.71311226433676,0.2621914737551094,8.794391432966032,0.1962673005337242,49,8.781681723231902,9.418778062439074,8.439471758182393,8.780636272231645,0.9924847681061788,4.699041678596262,4.282595904824189,395,61.70558375634518,4.98,31.71,53.436882297900254,4.047322666374942,58.8351006508888,8379.416669145741,54.123735685978104,25.080785912818406,-22.14416645053245,2.9633206452791776,-13.774464592859918,3493.3659016976712,-22.580947282007443,26.691200966660407,15.655416564609013,15.086695310318243,39.448450301451345,3399.5666099877094,13.740516872176206,64.55645130245648,83.39759286428409,4.685433384381203,93.21369301673883,74.19544790063561,0.0006035309710261675,0.0025221603390883454,85.16211992918763,19.018245116103216
Joy,34.71835296723163,0.06123726373369854,-0.14064365528641787,34.87672857311223,34.586263778329865,34.73188296512931,0.2904647947823662,8.43792657212282,0.09888049085524016,70,8.437961577748066,8.614531887703967,8.303166290056415,8.41988597789924,0.5339924667716947,3.4530652662381773,5.677287811589275,280,68.04659498207886,2.82,43.75,54.36601635677692,4.1677422744328245,59.372407274714156,7542.873989750236,56.0983945856932,16.275461835532255,-22.50517194711286,1.7709255811393512,-16.801466872747458,3122.9117324865615,-22.658824513293585,13.794591270416422,10.44591447628082,16.2604477806126,37.78876937169392,2673.5816196758396,4.266753317628727,65.88583085979468,87.56198773677329,5.41586104329022,93.85465761271192,74.29323749013935,-0.00012313530380634439,0.0037365825230294795,89.73485445648028,19.56142012257257
Shame,30.879393341570193,0.05862286724323276,-0.14811609078870447,30.943049468338625,30.744270828061534,30.895039141553006,0.1987786402770908,0.1336360537686417,0.008226798762677491,39,0.13140506071504301,0.14749058095814227,0.1182369695979147,0.13395933510039465,0.035891651794432156,8.126580317982455,8.941978987328918,84,86.13253012048193,6.31,49.04,-33.03856864054608,17.426491838382418,-12.900791608596606,3190.5478246541516,-27.550503210716197,52.16450139978697,5.867576481775489,7.328330133229053,16.45806264210245,801.8836982790107,6.060971241657306,22.104350137810833,34.39727947055626,35.93468530321651,63.1184670545809,4248.972291600765,55.29702493682708,99.2523790286852,68.30550547139374,2.8285371366258802,71.4704937069012,63.441007425331314,0.00014585035425585175,0.0035941037614235713,68.3940528689393,8.02948628156988
Neutral,30.750051242389954,0.08605860796380374,-0.010673264819260453,30.96477600293451,30.615390891018603,30.74750229850741,0.3493851119159075,0.1386004366708196,0.008905800568747143,109,0.13978724327585493,0.1499586428370431,0.11887636148126252,0.14110167436076124,0.033511196809407895,-4.416435531932029,3.789917478995486,177,69.61363636363636,-4.35,18.78,-42.97179887035753,7.737744678750998,-22.112536729499055,4865.425694223267,-44.911428241847226,36.226210457154444,-2.7358477664322147,6.107394001548078,8.710949610013234,745.7190428088163,-3.9942478796750858,25.600693983629284,25.41855860287333,37.690105365423996,65.66034120535801,5065.723821350882,44.00777747690098,130.26764928568855,61.7432286047478,3.6999746990499016,67.37072329116826,57.47355067303301,-0.0005143669852241287,0.0019499208879820275,61.449999999999974,9.89717261813525
Pride,31.01622556650254,0.10766276828889908,0.43528637700108064,31.208858916280015,30.769360789322235,31.019287474332547,0.4394981269577798,0.14333285524055533,0.005667302403217518,16,0.14349531050883052,0.1553560827206134,0.13373817856529116,0.14351686401636746,0.02293269253313812,-0.17791406250000008,5.241210723868078,75,83.37837837837837,1.25,32.11,-28.21602041137278,8.218113186369793,11.583010349768818,2351.0762705776983,-28.915906616707673,54.775777955508424,-0.20834704457000477,10.14927489599577,19.188860494983775,812.1130538262603,0.29374961685304046,73.00778375937867,53.79436427229527,4.709018492955867,58.71146932666385,4320.006283423133,55.295119911092186,33.22106666386328,86.98635609266549,15.165400863405674,104.9568310621779,60.64037247304909,0.006924446654551376,0.004056041910120968,89.03613636834444,44.31645858912881
Frustration,31.646591791352094,0.021459547721926986,-0.01032110588898405,31.682930126389476,31.601809025050894,31.646705581077942,0.08112110133858152,0.14854513290238386,0.006240258515604625,32,0.14906692143105754,0.16159132214974997,0.14256985659382673,0.14728323162424778,0.02934390337098225,-1.434422913891244,4.469938095282211,118,68.4017094017094,-0.19,20.46,-36.567958631635875,10.441110203522912,-18.023403788097042,3455.6534502166596,-32.37467707047649,48.69036693335674,3.0880806999776556,5.434661526792434,19.192747880195274,567.9927430533903,4.3666464489994805,41.602217065605146,41.78717952728317,24.939305494108886,62.46919456857825,4421.957705039043,53.91015500486978,98.49019855242472,65.26199818018223,6.626687713476986,76.4018410112314,56.66729225344255,0.0011213788824965367,0.004754714066503774,63.950080198130856,19.73454875778885
Joy,31.406991859914566,0.07199820954521804,0.21727567832527583,31.48355808149808,31.188607823765967,31.4199661590014,0.2949502577321148,0.1555077158543985,0.00514366843603789,41,0.15586160294799353,0.17041822875230164,0.14688637653097816,0.15610716419355172,0.02355855134916998,-1.6095757575757577,3.397080385657321,107,69.35849056603773,-0.5,17.67,-26.43682968315141,5.299411029844951,-17.402725325256203,2323.3378312509876,-25.819928892362775,31.597770094959994,0.20250431604531902,9.365994108118041,17.062394987494855,807.2417161002907,-0.8402176561230263,66.26748769643646,55.16695278076559,6.332841018457812,60.093915903300875,4784.868790470236,57.01421257240987,36.208021017192365,62.05207492539021,4.895704553233255,69.3621628599981,55.98164605540336,-0.0010362354413993424,0.0041313100104435055,61.27000000000002,13.380516804594734
Frustration,34.326099022259356,0.04889142014347262,0.19320514998745608,34.42889962325695,34.2356944732695,34.32146614497856,0.19320514998745608,13.272353133283035,0.5609157359681922,28,13.434626606946349,13.98244156751356,12.435363728123644,13.479917702949521,1.6580249578781672,3.1837361725663715,3.0785040257550054,113,64.00892857142857,2.52,16.619999999999997,46.27313761751721,7.304372440996607,60.10871789794212,3983.847023208331,47.75836146635349,39.58940229998879,17.353504785086947,3.648193813844178,22.945249042260023,1508.020996066523,18.385725877403953,19.670127264857253,32.131914144149626,13.149947577388337,53.1226510184772,2952.5100496777013,32.99842229084267,62.913428915708025,82.39350102073178,1.3014488742642147,83.90019540108024,79.68261636052414,0.000439533016054935,0.002180069545731745,83.0851936916475,4.217579040556103
Neutral,34.58664751793145,0.08467456202140082,0.2852244966526243,34.71742330752623,34.431287610681245,34.570153140537236,0.28613569684498685,16.744226372613383,1.6455898954498605,24,17.4993630140539,18.306114125834803,14.002652712260108,17.703421543959582,4.838098478400754,2.3524813481962608,2.7685969347844828,191,59.50526315789474,1.82,17.4,39.95776780831518,3.1387325097493295,45.23675317231553,4278.150063514288,39.22689231008988,15.332080742115053,21.379516913101643,1.6411088984314393,25.68645593132584,2288.7199816193934,21.142280229731533,9.755434411553088,42.27430166121846,3.403466375341102,51.90966283370606,4526.874304860259,42.95393100434251,15.420900238591372,84.44627406466604,2.5690335799441666,87.01211316433013,79.8144333666039,-0.00036411299165431805,0.001542353990599871,86.00230913036792,7.197679797726238
Pride,34.644880424129454,0.10795136992305716,0.1323001027588333,34.80679715558361,34.37514658386964,34.64676978925565,0.43165057171396626,18.42602014147159,1.145797506103212,20,18.93145616675935,20.105169536143507,16.967527215765696,18.78761859315373,3.651587592310925,5.2983662683823525,3.656669174820545,124,69.65040650406505,4.6899999999999995,18.39,52.36470292782822,7.404498228694027,63.2823036270238,4933.976013668016,53.886507262606386,25.285812864783743,3.816246518123785,11.12929013982812,25.230089220326164,1097.6564931375615,3.518484340678694,55.250647652512214,17.848195766938215,21.799464514816325,47.00226986431576,2628.500595931063,20.713366640893824,81.41135133005807,84.08733832618226,4.248215210924179,89.43022307062778,78.97481904674076,0.000532769172805012,0.002863840748036529,84.8085089166929,10.455404023887013
Shame,34.94130063351284,0.04058648985489468,-0.04208659717676255,35.0062762209198,34.859694127731196,34.95538013164056,0.1465820931886057,15.454416669755902,2.4616182593354483,20,14.758291264155591,18.48193983068954,11.770332092801326,17.13952640222212,7.54980395984866,3.452522991689751,3.8562209487663006,149,60.57432432432432,2.82,19.7,42.28203468315333,10.44946297547234,61.32962891581855,4137.641797466754,39.58679237291591,38.6388773448505,1.6877395584267072,14.512729809945123,18.752173976741958,1388.0010147567518,2.6618560398642064,67.3663837208595,30.462775712600372,23.724102691938516,56.99334679128329,3668.050451902332,43.270964171178335,92.51952362664227,84.01816997003927,7.431626850264674,96.39674736652402,76.24223005316487,0.002103549905955689,0.002655718169508655,79.9721973996311,20.15451731335915
Joy,34.89558798003466,0.04536783918196991,-0.1255349329797042,34.952426238495406,34.81000460687689,34.92077864677016,0.14242163161851806,12.572476560838945,1.5010997214427402,27,12.820041019423336,14.339430124070207,9.181222473618156,12.96796937932146,5.551210280686952,1.269380272888241,4.23433719726205,130,73.75193798449612,1.24,29.23,36.48602235733413,11.595117435072574,58.849198605280385,3751.261228465526,37.245862393790965,41.475735527992576,3.8510854407316852,8.81513827875759,26.55383987967871,942.5777146729606,3.7385270607224363,60.221961169423665,40.68677121607162,20.824589090857696,63.91050440402401,4478.52955328713,48.81804597763856,102.16316487042678,76.70556696224048,0.7092552774839246,78.28432359053633,75.96108955380323,0.00021199265377064996,0.0015913825070505354,76.49621654410572,2.3232340367330977
