label,shoulderDistance_mean,shoulderDistance_std,shoulderDistance_var,rightWristVelocity_mean,rightWristVelocity_std,rightWristVelocity_var,leftWristVelocity_mean,leftWristVelocity_std,leftWristVelocity_var,symmetry_mean,symmetry_std,symmetry_var,trunkInclination_mean,trunkInclination_std,trunkInclination_var,headInclination_mean,headInclination_std,headInclination_var
Shame,0.2839787774792225,-0.4057261411793628,-0.33348129955321726,-0.829471513733454,-0.9481467863220838,-0.6174769087344387,1.1364745782842598,1.0710309605402453,0.5283637361784929,1.1741663074167012,-0.4697974082806943,-0.5267718186535626,1.137094280407886,-0.2354819945437744,-0.3021667655396573,1.2404069854228381,1.25480664467811,0.6230071643422174
Neutral,0.6078405657972477,0.30289600844374254,-0.12078517104098452,-0.298089168681759,-0.09920934668779732,-0.3188200418785586,0.3910440264903328,0.9836021771754687,0.4505942564135787,1.3552248552955333,1.0647948470225768,0.7616018452437082,-1.0439046241165868,1.655099023079065,1.0143890541183882,0.5177453947114394,1.6088272710160199,0.9666759734767391
Frustration,0.22182954536165006,-0.38069546957718936,-0.3300981249380802,-0.5551203418051103,-0.17436318949524343,-0.3603503160357452,-0.6597327231307093,-0.7324844946189273,-0.43633386254734263,0.9625221192369395,-0.4480445792016303,-0.5172242596869874,-0.9278777275710953,0.16258261853039413,-0.15949293256184766,0.4230665346726876,0.2130566631112031,-0.10163671125958514
Pride,0.45634578843031337,-0.21462726356321513,-0.2999924068104756,-0.532190975278342,-0.47627629116921,-0.4976458290091363,-0.5415946169253353,-0.3959641269366795,-0.3583445256578961,0.852229269908286,0.13123017275338472,-0.17077134248042217,-1.1328938131966035,0.38958381126526503,-0.04600246588135366,0.161649783143738,-0.3989282768281291,-0.32782120686265764
Joy,0.4664248763588085,-0.31781824580962,-0.3202654583253667,-0.7048866540508993,-0.7350239117092033,-0.5776651024861276,-0.29895945883163416,-0.17211305818198472,-0.2805451336591348,0.9465324657678026,0.02703643586144411,-0.24619672443747728,-0.17788319897122828,-0.3314966274592289,-0.3258384136125129,-0.4627817676203055,0.4977124252732323,0.05388549676716571
Pride,0.5340570170963915,0.7952387666447299,0.16970807677496696,2.0350342797642265,3.399548722332777,4.859553680335601,3.4501930179906974,4.845211023254499,6.897283734316988,0.5658231447367463,1.867018795450925,1.9315735256970015,-0.931428814134631,-0.2615157868637555,-0.3089977249113515,2.3060015614944636,0.23790596731385166,-0.08933296011854257
Neutral,0.5633037808770004,1.4887007429961334,0.7773410744129371,1.8497737753418095,1.9565821891626922,1.9540627621623823,0.9475402710118637,0.8550885507845732,0.34201376687432006,-0.7686902179075393,2.635651604028916,3.372312864867964,-0.11894642560161486,2.8553957125819287,2.6903132791424897,3.4917650535597913,1.6607229777242871,1.021206946865992
Shame,0.3589146051215198,0.5756305147424334,0.025677946888543173,-0.2361651280612194,0.3165655645857362,-0.0360917810740757,-0.27039039299409817,0.21475637021259475,-0.09726507458104934,0.7537987458480223,-0.5427129238307336,-0.5569471935713921,-1.500357225171195,-0.1708198755286162,-0.28387224314166687,3.293226678196478,0.40350288393068634,-0.00112304919491151
Frustration,0.01793715878580371,-0.464655093973059,-0.3402520273940388,-0.42310657463354623,0.22500155547668874,-0.10605935180590087,-0.46264529642961155,-0.5459442988086131,-0.3988841180966127,0.4362988913932209,-0.5340297362568969,-0.5535014469865736,-1.6264771803446276,0.011741020512985513,-0.22200148749826173,2.2565665698488075,0.02507774465142143,-0.18682471642707268
Joy,0.37524967866080633,0.43409902846471804,-0.0548088406388347,0.1437016643809478,0.299053139128249,-0.049810232242158914,0.8443962604005264,0.7524522807921882,0.2601994255599482,-0.8255059234187826,0.05178295512780785,-0.22880349369793912,-1.6594508984297458,0.2637961702737057,-0.11177350728652659,2.641191924550534,0.6897850848376601,0.17687581695987648
Shame,1.920146065841833,0.024080126799456425,-0.23339712499694243,0.12166693548625707,0.8840312148760773,0.49458025314696813,-0.3378255024622041,-0.2401555817798125,-0.30638406047914174,1.1550123291378795,-0.06462250543672969,-0.30779411236323084,-1.3882676025615939,-0.28530615972637213,-0.31497163644001586,-0.14355884891122722,-0.4815587003548684,-0.3470458217783541
Neutral,2.3514373693427846,0.6213900619853933,0.05376926194475191,0.3697139102245411,1.1400345398292395,0.7886916984368366,-0.20337675296016802,0.18317832301692916,-0.11454365608988874,0.4515120451851616,2.233832336622501,2.5801016844435765,1.2328951667890866,2.6320909645545987,2.3291216012556304,1.1846255915230777,0.7299857263975414,0.20445835015818678
Frustration,1.392581067121693,0.44498819937535833,-0.048959695020364985,0.19840780151421789,0.7587543907579795,0.3630505068329534,-0.133834296321184,-0.03231238730397085,-0.22145189833279205,1.084818805584786,0.645120136895884,0.2853480516950867,-0.32667852815856036,-0.34194885789066465,-0.32816334811294123,-0.4737746116079311,-0.38224259949733014,-0.323612468025693
Pride,1.9475185727821567,0.5754202737676326,0.025551214822143776,0.17246870618899554,1.1681260941724798,0.8230359460304447,-0.3035178905203052,0.23357219885943944,-0.0867736641666658,1.7508958557317102,0.25288756544831587,-0.07542754367775437,-0.6058112549780784,-0.17647815054654972,-0.28554870742174454,1.9207447519046554,-0.010237681484381448,-0.20127434527044102
Joy,1.6246529698193937,-0.07583067188135685,-0.26461757094652405,-0.4205698565629786,-0.08615275490585272,-0.31130604198467726,-0.6500773978574267,-0.5972782117065972,-0.4106241461645333,1.5927074530209897,-0.4590972832173329,-0.5221067346308909,-1.831099224116276,0.03441503966828994,-0.21326344057914298,-0.5682536121288797,0.27754449312292867,-0.06920263331312367
Frustration,-0.578440572228586,-0.6732070047281782,-0.35074982331114324,-0.9591762649216818,-1.1379099908098853,-0.6330849616161023,-0.9667311972843217,-1.0562317579245952,-0.4671907433268195,1.3208633043693683,-1.247845552356278,-0.7034672609735841,-0.19732717147241624,-0.41147655622010454,-0.3423695298691901,-0.5564726384761685,-0.611374906292613,-0.37181175837012326
Neutral,0.016225615552662654,0.14963253951840844,-0.1873317487906133,-0.013450163247304548,-0.059470869180530975,-0.29567560190212866,-0.24942266630464258,-0.05399697849841944,-0.23114717411915087,0.08464628101037808,0.683306458115715,0.32482459158341503,0.3397768843013817,2.222251423685021,1.7249700222883881,0.31955967463698964,2.4884702996376054,2.0345264961733833
Shame,-0.46555478742943546,0.04614802837640988,-0.2258515736046729,0.9033244363153289,0.6784207310703693,0.28299356675113185,0.04149698829589117,0.02886503865269499,-0.1930516639487385,1.1398832004085027,0.27959197977156197,-0.05344986786672236,-0.5527079351897877,-0.29098040842879913,-0.3163586182771512,-0.9483385395139519,-0.6679486399758039,-0.38052596536370425
Pride,-0.5174212290939126,0.2605169548940826,-0.14032024479478641,0.12914207401199743,-0.23401266860113948,-0.3912261384860822,0.25714884878243804,-0.1885969033818437,-0.2869804441921185,0.8569109648780121,0.4176066986927794,0.06615647650750112,-0.43004962081872783,-0.30322340837139755,-0.3193015582670578,-0.7313989961823535,-0.31654751920402946,-0.30597486035094235
Joy,-0.43371520710146905,-0.04245414957550428,-0.2547239580195314,-0.3961615310131628,-0.691799072310984,-0.5667151143039781,-0.052335417312690174,-0.39634482743143273,-0.35845919781075364,-1.6980458632527724,-0.7611576657869177,-0.6304931031497433,-1.3009536442645242,-0.09517151675989613,-0.260066003841955,-1.1123938987418125,-0.5460487336840111,-0.3601795442272306
Shame,2.5802901033440366,4.6712749240030425,6.543404568521323,1.535440492594355,1.8217204837979986,1.7377316931608564,1.8952600496118424,1.9712110228959643,1.5128022874507692,0.4274678755970498,1.1807541260605394,0.9096433176915731,-0.7427662674322242,-0.20613025741708832,-0.29409711047585263,2.549382451325752,0.3841069083210479,-0.012013888494912176
Neutral,0.09654659461170678,0.645969850364645,0.06927583891680225,2.132847611961365,1.9365058677369418,1.9212603963044137,1.1057799767332601,1.0754677606093859,0.5323945758742922,-0.3255214323094856,1.6730757131687057,1.6174826019353392,2.3652596702103406,4.506212145355754,6.061031637855276,-0.9335803667119813,5.104697751566906,7.0135246228682915
Frustration,-0.6097977346727962,-0.5203470910065258,-0.34511011036662465,-0.6187123394060468,-0.3404061862027771,-0.4417132227065595,0.013823146202847934,0.4267957979944267,0.029431208457008008,1.125953120312778,-0.2234784468317317,-0.40401071255815646,-1.7119146916310997,0.0031054795927530437,-0.22526820461705543,1.8302577542842846,1.3025215731770943,0.6664456598595935
Pride,0.37441255752770014,0.6245270473664623,0.05573204702094599,0.3272055005275292,1.4642727483080824,1.2100181620247683,-0.3005346199166618,-0.19328923799781345,-0.2887918032058423,0.48167750197309017,0.4243030344059967,0.07221628428612568,-1.0926606524703848,-0.14276409783470667,-0.27534554710998055,1.3457721290856093,1.0400766465430553,0.43863182976273335
Joy,5.557914909161257,4.207241019522984,5.3982085380817555,5.105118208148454,2.7666220677977043,3.4520733045509133,3.0099727610004714,2.14745986196524,1.7447527668929637,0.2921537193102715,1.3174503891256828,1.0933054348460334,-1.3716111464734655,0.009982133345887514,-0.22266959130010208,1.1946368088970638,0.2704580971992396,-0.07284691669212609
Pride,0.9956006524356513,1.5213434592235073,0.81166442064871,2.9033873700343134,2.121032041692908,2.2306294607287382,1.609363283429352,0.9528372989050868,0.4239797452492382,0.014029333743650117,1.767918421054535,1.7685913063894845,-1.5389212242395722,-0.2617136269515053,-0.3090484606907182,1.2786013148375275,-0.23784438477296824,-0.282604519827534
Neutral,0.6637854784458506,1.1803396013303233,0.47848360312023325,0.4424210371967461,0.5541781737456487,0.16577490060642264,0.033863507556744,0.3221637098784878,-0.03541013047021894,0.49149693683824447,1.201390170044667,0.9367351852718764,0.6207231809049674,2.424283596878265,2.013282570751315,1.0720637978197145,2.617427749529937,2.2167163596887693
Shame,1.1483766308871675,2.16367241632822,1.5917077104218245,0.7407396761428822,1.0786930160887376,0.7151202626619237,1.1077303628734796,0.9089672297148175,0.38670461546948337,0.6166718884708733,0.6276639174955932,0.26755926135031993,-1.9616730677709964,-0.3523636946801508,-0.33043075458573046,1.1867434568148711,-0.16198095092503326,-0.25776579998581534
Frustration,0.7100912476827952,2.458601135311861,2.016587124405897,1.520460834984409,1.2195996949206496,0.8870294928191164,0.8381021307709494,0.7000030459498041,0.22007149153427402,0.9731000839786789,0.850412940421658,0.5066623251845512,-1.5986573275251188,-0.4139596493091018,-0.34283639685849315,0.1423816024817235,-0.15784807337351892,-0.2563474635268048
Joy,2.4468984603887107,2.8416415363988348,2.631081071654201,1.565911003425163,1.2403669241351392,0.9132372681913514,3.1443093984339563,2.064290478826653,1.633698843639384,1.179198711382579,2.2154165652453552,2.545843365017716,-1.7027548017759602,-0.23737629544238684,-0.3026741619881509,0.4441783077384937,-0.24570867955780643,-0.2850495907229825
Frustration,0.5702217994119144,2.067371963608504,1.462069076227077,2.162575096354617,2.976775657691162,3.8963490423284375,3.4373364293683633,4.254436512301769,5.511722316535228,1.4288637564431015,2.8656856397161765,3.864331244195318,-0.7993168916840793,-0.2985564778660632,-0.3181877398882838,-0.2871958663200743,-0.11616283894032683,-0.241665250118402
Neutral,0.20772828619408346,0.8059859121264158,0.17735412715208362,0.6315407823395439,0.40120445470973626,0.032454236836818584,0.7655482420607466,0.910693281512258,0.38815615991323993,-0.2249783763766488,2.509730261189082,3.1148507327947756,-1.3505549363900669,4.1210660189043145,5.164241613542028,-1.8642692768422908,4.384463013436034,5.373629409666364
Pride,-0.49324375351224603,-0.11706857604785556,-0.27609883012284475,-0.216355182238681,0.3069928335638918,-0.043610354340145374,-0.5910313702246592,-0.519871832198438,-0.39250431969352,0.1675057573863567,0.13787562932832362,-0.16576565935224052,0.11862469788479207,0.4434697028549861,-0.01563464262235626,0.23403450930808367,0.6823832975698633,0.1718667495142445
Shame,-0.49612802081254065,-0.492877484487749,-0.3429010202207922,-0.759871844988303,-0.9110180842759106,-0.6122369233816147,-0.5962669725248118,-0.8136603749331645,-0.4481398908407867,0.5369889447572108,0.9862700208324173,0.6653961502324834,-0.851927289543486,-0.28782010764690985,-0.3155879308924977,0.5079500905187389,0.6218808898769462,0.13173240541008094
Joy,-0.29622611023070516,-0.28888562228734493,-0.31509987742047474,-0.10371070847571287,-0.33448497312328845,-0.43905780577919007,-0.127318606690144,-0.5296441370430096,-0.39492846880595656,-1.1296057764569714,1.2764951578260824,1.037240460810905,-2.028169103267242,1.276063572318311,0.6207066543173742,-3.0478695160344675,1.4410905400337737,0.7976841413295119
Frustration,-0.9283865051059638,0.0628966047332904,-0.21996791390437484,-0.5519574103300094,-0.3844829960348702,-0.4609079416504777,-0.3593672735422935,0.14045982332160162,-0.13726211109224287,1.155245199352055,-0.4374074466160879,-0.5124642606243356,-0.7991500106346051,-0.45304217131937463,-0.3498167862466352,-0.3775145003765154,-0.7380871068462693,-0.38957755790323073
Neutral,-0.6440173766762294,0.8791760695566961,0.23090800448101984,0.5009025913512832,1.4195331583036124,1.1486369228579913,-0.1342206433025118,0.3655973514612698,-0.009043232025268015,1.2690562044274147,0.13676316561773996,-0.1666052515519096,0.5806759334291588,0.8655147914746906,0.26769488494492805,-0.1457812289182915,-0.18140448133062873,-0.26434144083334005
Shame,-1.074641824092998,-0.00924774569180563,-0.24434712480133436,-0.4705098921138504,-0.42664884271600395,-0.4783267701173687,-0.5943598980637901,-0.4705419451037855,-0.37966491804586777,1.102918759248361,-0.35550806054269213,-0.47380813929538357,-0.5753724727854128,-0.4364024932146054,-0.3469293930538653,-1.2720637057411603,-0.6773526335508357,-0.38185217430831925
Pride,-1.1428694962243557,-0.6732070047281788,-0.35074982331114324,-0.9609948065129978,-1.1410418844239387,-0.633185784861671,-0.9687073966773021,-1.0596173871596666,-0.46728456410089475,1.0862939967054879,-1.2534277570974963,-0.7035765221864105,-0.40417510131286316,-0.4192063238919471,-0.34381368460546957,-1.2557744182387276,-0.5609536179986412,-0.36298171415802066
Joy,0.43753149096378524,1.6691546742578174,0.9735236750179994,2.44149651083927,2.4470759178118247,2.820461099974171,0.9441745677521122,1.0413507953754677,0.5016085078904079,2.1847059118819123,2.4343384629536944,2.964722053679365,-0.9113306897804935,-0.3133746330970058,-0.32169020772200996,-1.456411036404649,-0.4552490523451271,-0.34121678851232906
Shame,1.4609582757938446,1.9307178729531542,1.2857903881612665,1.9046671897492768,1.5667991264775443,1.354599177578712,0.6997921045321626,0.6870399038800072,0.21032885670593948,-0.4830687749222942,0.9749567107047895,0.6518046666903639,0.4891334617014791,-0.6506720974284547,-0.3745218128029264,-0.5452642707217514,-0.26017321526545095,-0.2894830579922966
Neutral,-0.1783664306990237,-0.1916265056717196,-0.2947730882295281,-0.5317330998441818,-0.40699710604380407,-0.4703233999407329,-0.45372959686051095,-0.3367928601623034,-0.3397931713361611,0.42924785257011094,-0.2876873931613608,-0.439108005857336,2.2370486889946193,1.9161454260942878,1.3233582094989333,-0.11490495435970259,1.0466708508486684,0.44402329677275215
Pride,-0.51708960222905,-0.5141743842575515,-0.34464543419415405,-0.9120900264880687,-1.0853033265981638,-0.6306304925306785,-0.45602220532113685,-0.16569747734191317,-0.2780101253751991,0.17809355926936996,-0.9503944663339605,-0.6737741968292937,1.2246863426508319,-0.550622177755821,-0.36422557498383323,-0.010782077160695671,-0.30732106222760414,-0.30336149794232603
Frustration,-0.5784405722285892,-0.673207004728181,-0.35074982331114324,-0.744771943249896,-0.9877030229041575,-0.6222723110619154,-0.22596885263018726,-0.286870640984488,-0.32301615097656206,-0.2655106153662682,-0.08031776524267192,-0.31789554501725475,0.5659207360618891,-0.32544382255516424,-0.3244694409987804,-0.32491808850682385,-0.3665547746445955,-0.31955530463758947
Joy,-0.4481877436141831,-0.45793656827782964,-0.339564757034726,0.012055879835646212,-0.15856416309056212,-0.35186307200657,0.2071813058640568,-0.03599669828044298,-0.2231128742916677,0.1155925837854972,-0.05373282690725298,-0.3007088723467687,1.570278570148312,-0.542860977768104,-0.36323739428007756,-0.15695813930027966,-0.23786165717568053,-0.28260991667215685
Pride,-0.021438344601191525,-0.6149854021159352,-0.34993166359823014,-0.9162906896986309,-1.0826524241356608,-0.6304687960855568,-0.9374360174827785,-1.0190542492412367,-0.46584887259751107,1.132209573516607,-1.187080739599162,-0.7012102297096147,0.5775364174497472,-0.6937237378495454,-0.3775572911810194,-0.3373043056528573,-0.8411365888621074,-0.399358147601967
Neutral,1.1428133986954299,0.4529310490158129,-0.04465707032405643,-0.5012898742786633,-0.15494959321838483,-0.3499031133488103,-0.43768133763613015,-0.17093650022558998,-0.2800815104364346,1.2328527610896396,0.3136537748128783,-0.02486893946526513,1.7524647894344596,0.8012384443738398,0.21933744170601152,-0.6366703053530354,0.5216962704567562,0.06844838884282325
Frustration,0.5462051196137193,-0.6292337979117932,-0.350283114440023,-0.9687437079463107,-1.148764737455483,-0.6334126478010168,-0.9771280863012864,-1.0679659200997482,-0.4674956707406221,0.8035506912149767,-1.2270679023695608,-0.7029155317936392,0.5189127971332261,-0.5602291198933952,-0.3654109797529657,-0.3509972285918175,-0.7388970807751355,-0.3896707589180579
Shame,0.3025261942783145,-0.41963510438208435,-0.3352305268312692,-0.966116413443643,-1.1509851906251178,-0.6334721452258761,-0.967965313639938,-1.0583241051502639,-0.46724928452960995,0.7999802019320681,-1.1981048473314637,-0.7017649240708878,0.6893161218827678,-0.7068630134177567,-0.37831653463880105,-0.6274745783729849,-0.8162101589097541,-0.397376229455017
Joy,0.5457525739117334,-0.6269505473090972,-0.3502333896793655,-0.9265298062743768,-1.0794030532818117,-0.6302656196871235,-0.9714345518396151,-1.064627994733485,-0.46741472184015087,0.7875864002998259,-1.1117432114518766,-0.6956964626380829,0.31958485273218296,-0.5850706964895582,-0.3682824199401722,-0.2805434147984096,-0.831637611753532,-0.39863176650284726
Shame,-0.6126483858040903,-0.5512942846700415,-0.34716252228744265,-0.2844518710036565,-0.8687325617008071,-0.6053977093556829,-0.26828304582322,-0.6969711076047246,-0.4303125388446424,-0.4926316306776114,-0.8490360067498828,-0.6529509899223003,0.5126783956566291,-0.5755660159160214,-0.3672167809224548,-0.22833182272633956,-0.662042670966489,-0.37967524425230875
Neutral,-0.06765571952167601,0.16210583228325556,-0.18233974008501866,0.30889112662351614,0.11093200301321081,-0.1871371254812847,1.3931372218464524,1.7874747144229057,1.2846659413013883,-0.7777097969100966,0.6587692846089513,0.299369675225054,1.3892960134565793,0.4168049002967823,-0.030826160912071215,-0.4525864066537485,1.1037983199390164,0.4914487365966788
Frustration,-0.5646740131067405,-0.5943912106973849,-0.34925049656062607,-0.15432976452022149,-0.8110389290621632,-0.5945695233747755,-0.20801291673610045,-0.6184935058270938,-0.4151580110938444,-0.46247271134093504,-0.6488967309579257,-0.5958539610500173,0.648774548454252,-0.6392627468826064,-0.37357666558586194,-0.42777721871746327,-0.6638028712382625,-0.3799302296281212
Pride,-0.5784405722285885,-0.6732070047281803,-0.35074982331114324,0.3961968860617521,0.39399469887273,0.026470443945354635,-0.3472870611885965,-0.7701328794073189,-0.442147991031667,-0.8240713210648677,0.06109586742775988,-0.22217385905709203,0.8098134749819677,-0.5937428376378021,-0.3692190235462608,-0.44252456589309236,-0.5311046916710225,-0.35728207726563715
Joy,-0.48027902022932767,-0.4278382857248621,-0.3362183994619201,1.3066835741477358,0.8434945421634981,0.45112884981988804,0.1005027090804841,-0.6852448854924087,-0.42820987932112103,-0.34834470570351395,-0.8201658231072322,-0.646024180873286,0.941858395723814,-0.5963916984598546,-0.3694983140214801,-0.9007188033435004,-0.6560979906046337,-0.37880505908287926
Frustration,-0.5784405722285868,-0.6732070047281788,-0.35074982331114324,0.021090394461304156,-0.21279837536843516,-0.3804567710460266,-0.4765208221455562,-0.6047367148563888,-0.41223928609066274,-1.4585242120838586,-0.8386466722299347,-0.6505091300600271,0.6270928585288319,-0.43641347266580727,-0.3469313395996369,-0.23623971564109825,-0.6871313462623898,-0.3831942492262179
Neutral,-0.7106491490203893,-0.3041596714035082,-0.3178772333747395,0.061629883166179504,0.26439086007157103,-0.07649379413490984,0.25501607359139844,0.5202351622635928,0.09116083260636099,-1.428932519590011,0.08547717508267516,-0.2045998428908751,1.8733827997805983,0.6264837418053693,0.0973216826012202,0.11911953667429528,0.6023073431311662,0.11905725521727326
Shame,-0.5784405722285876,-0.6732070047281795,-0.35074982331114324,0.789741162612522,0.057930613574453,-0.22251124512217338,-0.25569917271711806,-0.45682055741938715,-0.3759147871517857,-1.3114930332530619,-0.5043043555562594,-0.5414031761855862,0.7925788667514587,-0.6201351909548638,-0.3718598848255563,-0.4061177212681829,-0.5649233818002656,-0.3637132725228377
Pride,-0.5784405722285908,-0.6732070047281795,-0.35074982331114324,-0.37772041959921243,-0.5668187227364866,-0.5295988496312626,-0.4926931009348355,-0.5592423158863603,-0.40202988592661243,-1.1476317342638747,-0.39852938109882086,-0.4945569469614456,0.5867567543833585,-0.3402028010703526,-0.3277784073375686,-0.7712935115227648,-0.3464454646410874,-0.31421275337135157
Joy,-0.5854959337785355,-0.6164406933715191,-0.3499720534160576,-0.33616048978676044,-0.38886177415251383,-0.46275976548689457,-0.7685779343019877,-0.8912504788030619,-0.4568788289957396,-1.4183390438747572,-0.8120479183354983,-0.6439969369629518,1.2270983521715453,-0.71172172624306,-0.3785774907672997,-0.28036708147004624,-0.6619292569784294,-0.3796587730336237
Shame,-0.5628701191528449,-0.5702328941768898,-0.348190495724286,-0.5362819951177725,-0.6173069846010882,-0.5455686938464924,-0.6829621391149403,-0.8173395811884621,-0.4486104716760137,-1.5620800410905904,-0.6803339451853514,-0.6062270980356922,0.2228732554877807,-0.5051763118002387,-0.35805146770525104,0.018979160917441607,-0.6402053834177028,-0.3764102752302285
Neutral,0.283516776819204,0.5381933475972968,0.0034474148272691644,-0.494322220077692,-0.2715443114750136,-0.40970678538744143,-0.5676493410045278,-0.29808584458865367,-0.3268748738732096,-0.5626415245244729,1.8793956252420574,1.9522940709494985,0.9139810948732263,0.44029947017465104,-0.017457658764136373,-0.8745880390919536,-0.17318193132283896,-0.261575935593468
Frustration,-0.5784405722285876,-0.6732070047281795,-0.35074982331114324,-0.5764627125360439,-0.8641013549824088,-0.6045922769875078,-0.5608625706016488,-0.8210938170535965,-0.4490848822075763,-1.6856398266213861,-0.5368122272179772,-0.5546099701218512,0.6212367298998974,-0.5584932031468532,-0.36519987810872323,-0.15650876470694716,-0.499196676790242,-0.3508007936100661
Pride,-0.5887970662468607,-0.604634896012206,-0.34961490451375554,-0.461819283909128,-0.5341202555339702,-0.5185501800032063,-0.2657073992810353,0.1450643182142087,-0.13484962432995437,-1.6663921572014675,-0.9598060976840936,-0.6754316428713487,0.5219720615940812,-0.6272125773867965,-0.3725144220179633,-0.11742950192841334,-0.6715921511715298,-0.3810439332634968
Joy,-0.35266900263028245,-0.40841978416543584,-0.3338273506571276,-0.7798680640179225,-1.0030556321209665,-0.6239147444801777,-0.6092762510820069,-0.7932638859024485,-0.4454296477887122,-1.5310901460861024,-0.9191398001817565,-0.6679334580055956,0.20174675026891375,-0.6172579073744799,-0.37158729967225446,-0.3313094865829145,-0.45803616521980134,-0.34184721145669406
Frustration,0.5307278946933206,-0.5794576389055409,-0.3486285019934134,-0.4832339404901426,-0.13584077271789297,-0.3394288940746884,0.33618052952420746,0.26659984826336014,-0.06800413526023641,-0.022889379201839543,-0.5209775007298418,-0.5482468016838227,0.5914007782016254,-0.595027569617157,-0.3693548798981919,-0.40180171711892043,-0.20205147929425943,-0.2711681764868864
Neutral,0.4075535232162936,-0.33827629951004023,-0.323674122469541,-0.15895158797455108,-0.40666118122451034,-0.4701848487073587,0.5318415525064251,0.6713273676940575,0.19861298265784122,-0.6220977209350373,-0.20204213840402588,-0.3918071945263108,1.3586199179969924,0.8269662652448496,0.23846884984513164,0.719410903145384,1.124310150259582,0.5087909612366069
Shame,0.29142744530104364,-0.4186051740368139,-0.33510420167484967,-0.3802302739726111,-0.5050659675760302,-0.5082672588374892,1.538429977657588,0.8267664527618879,0.319002471622491,-0.3995176683416949,0.03668193865334721,-0.23945590248150253,0.710669089901791,0.08469740353742261,-0.19305511335508468,0.23980429402321413,0.36355662158035024,-0.023391042988281662
Pride,0.4150079614551658,-0.44941218774217256,-0.33866139532719364,1.252532979270235,0.6179946004914373,0.22498284108413344,1.0744382915682134,0.48921909262770785,0.07027033930208897,-0.3431454493811544,0.4021751801559397,0.05228224889988147,1.2501793729814912,-0.18340386937323425,-0.2875809622878765,-0.3824577908225344,0.5039491700458592,0.05765060268136586
Joy,0.2530595987310246,-0.4131626559615878,-0.3344281523050134,0.1181277737739267,0.22385600735903105,-0.10690714850737533,1.6461798781205794,0.895592600011933,0.37549879160314226,-0.09143414244707866,0.09248314995480528,-0.19949170950564363,0.8911192549207542,-0.31277053408795324,-0.32154936522267796,-0.6257299175256578,0.042571851021107394,-0.17948471787748657
Pride,-1.1456916408443318,-0.6371687576219799,-0.3504363525078581,-0.8748196949245052,-0.9985498161666416,-0.623445392058983,-0.8573554130314993,-0.9109115144096548,-0.45869812651570996,-1.5141005623652046,-1.0589261912843997,-0.690038358996861,-0.08175218779377584,-0.5966225612361691,-0.3695225051825672,-0.43752488080215113,-0.7479160058738251,-0.3906910613815322
Neutral,-0.42311323267936746,0.48225476804346884,-0.02850871474222884,0.05946657526419643,0.19662536761154187,-0.12685946538659204,0.026573362416519593,0.40478701532917033,0.015416420428947687,0.4612383654787179,1.2937751930585504,1.0607873303905253,0.21275139598448603,1.0962184004642896,0.45667118308737553,0.3615917749685469,0.6197000032288312,0.13031266118245274
Shame,-1.1448710172314311,-0.6428351602121327,-0.3505271787374294,-0.9109221374726766,-0.9299149777254486,-0.6149932545893362,-0.7552452303308397,-0.5978394026047428,-0.4107464719940452,0.7101038850767241,-0.9826012369464476,-0.6792515807558263,-1.2219134785735086,-0.5099441839103755,-0.35874312961750726,-0.7652219629023865,-0.813921482807695,-0.3971819762617175
Frustration,-1.1619380409539413,-0.5808949491581117,-0.3486930490788708,-0.7989471632273867,-1.0130077497488816,-0.6249140760989785,-0.5888721940024826,0.12624133721233222,-0.14465646339475455,0.7775486294995007,-0.9208682828935377,-0.6682699851520145,0.008654427468075035,-0.6194762289259123,-0.37179778775377165,-0.3285203353970833,-0.6826000453747845,-0.3825770403490231
Joy,-1.1881303061674104,-0.5344442152319088,-0.34610236157700847,-0.9736815042495721,-1.1715530317576037,-0.6339016313271171,-0.9517326868202506,-1.0349437681702502,-0.4664922814661279,0.8140166766808923,-1.2534866402867113,-0.7035775867477814,-0.36753193849492105,-0.5527670125194822,-0.3644938511629704,-0.5523606151389432,-0.7590349174430844,-0.39190479241702203
Frustration,-0.8575874857264929,-0.41775373629105433,-0.3349993827327653,-0.10516852019820908,0.008390921844756382,-0.25425670263840516,-0.5556115065414206,-0.42413293430064236,-0.3666676000428529,0.6295058068697633,-0.018930003852373013,-0.27764369084485885,0.1890035802791127,-0.5385303074331116,-0.3626741420803396,-0.47587819872068154,-0.3375805395581133,-0.31180692456201425
Neutral,-0.5854088305495224,-0.4438574903119633,-0.3380538667123291,-0.2919443375062252,-0.12029823816616582,-0.3307697191178216,-0.5956881653714952,-0.4640659735109771,-0.37790469529200255,-0.3216597656124431,1.265674413460797,1.0225759565564403,1.503519553780879,2.4532316282698177,2.0561072603674724,-0.24180386314019597,0.9023797074300665,0.3299666496200912
Shame,-1.1148233385102782,-0.5621791498319536,-0.34777450333933846,-0.0311403932182811,0.04116392411690555,-0.2333980809368823,-0.4977731527318677,-0.37818188165018557,-0.3529215306113184,0.8391512404974838,-0.2889990965319919,-0.4398022365330218,0.28370287229406155,-0.5946318156805449,-0.3693131098319598,-0.39797970673002664,-0.5507448031735377,-0.3610718725363929
Pride,-1.0965485814891385,-0.53297195530892,-0.34600322016303664,-0.27560710566891683,0.1835131267422251,-0.13632973420885208,-0.9207382894117379,-0.9440999098490994,-0.4614067015699837,0.8023367641469549,-0.58131283382127,-0.5717814386955451,0.2652776136352447,-0.6050867689523238,-0.37039276981770775,-0.6503950955481081,-0.4059198499913193,-0.32955210348430297
Joy,-0.5890901745681308,-0.5165704182636244,-0.34482798971687917,0.33245848780987364,0.24290576640170894,-0.09272030150319051,-0.31756663554216386,-0.4386422222174902,-0.3708267182147042,-1.4965713031474577,-0.24132817701785428,-0.4139867106045128,0.5065399154641901,-0.6121072569240504,-0.3710899797426774,-0.5654729374381116,-0.3730462214365503,-0.32124588214741434
Shame,-0.014011648232824303,-0.6732070047281803,-0.35074982331114324,-0.864331663917325,-1.0481606488009003,-0.6280324502686019,-0.9228361683989217,-1.0054351370629955,-0.46521435202649297,-1.3119665397918419,-1.149878268734768,-0.6988631903128435,-0.47243289798136984,-0.6362237674695681,-0.3733149750966465,0.35493313058534515,-0.6506930310952215,-0.3780017853255613
Neutral,-0.31072050858105044,-0.3944401365955269,-0.3319933108020986,-0.20875739177260713,0.3492029506094283,-0.010100360769918056,-0.3892447734316349,-0.07423701459580034,-0.24002123369946596,-0.9589801111149784,-0.24483636037518916,-0.4159275488559712,-1.0372150629709946,-0.09709062464377198,-0.26070197874331286,0.11432971869205094,-0.1687793554038885,-0.26008425177387556
Pride,-0.027046958255820205,-0.5964621260970342,-0.349328252209368,-0.6802695719641964,-0.7354089407761623,-0.5777582830626791,-0.5745703471313385,-0.36840360447119025,-0.34988379087948246,-1.0681319965177174,-0.7816773726918366,-0.6361030896567941,-0.26040704221955346,-0.5554828776044599,-0.36483056271465647,0.8914084662441908,-0.5553283236674471,-0.36193442990826397
Frustration,-0.1574071045993148,-0.4507818711586449,-0.3388089112703988,-0.7249847744898249,-0.8781975677565946,-0.6070091841277926,-0.6737903245988682,-0.6303968657656038,-0.4176203829575287,-0.8599845524733621,0.23723015998510139,-0.0881379002997329,-0.44972497380432175,-0.6316527147317127,-0.37291347904518013,0.04738802400694538,-0.6155634885380347,-0.372500192665169
Joy,-0.11247467920014366,-0.47930981255410016,-0.3416755298665213,-0.6551259650199021,-0.6255917600267021,-0.5480628753224281,-0.6388335742197775,-0.4139626159425179,-0.3637003890862751,-1.0832006393011855,-0.8665907692396171,-0.656947065727336,-0.8150568580914207,-0.5078417724349653,-0.35843940756350484,0.4115731034920313,-0.44129564810947924,-0.3380145900803919
Pride,-0.014011648232824303,-0.6732070047281803,-0.35074982331114324,-0.195437744230478,0.024142612661590467,-0.24430099926502585,-0.6983197325160035,-0.5234885348502606,-0.3934060910096657,-1.4363255788586906,-0.9389433963484407,-0.671694325491051,0.8404803234183974,-0.6893947536815394,-0.3772900210353208,-0.7280229711588909,-0.7051952462788811,-0.3855742720007217
Neutral,0.03214982510511875,-0.5137484645104899,-0.34461269296807817,-0.02481258096881134,0.2469403947275164,-0.08969143997061294,-0.7277476349603887,-0.7616582664536443,-0.44089032665775524,-1.4251181002412514,-0.8482138646900503,-0.6527598405897488,1.27233390135238,-0.27579023414334586,-0.31261288563000883,-0.6880059443904663,-0.13555466365964394,-0.24858058814670075
Shame,-0.017236956369944278,-0.6346943291088067,-0.3503918281449671,-0.3564150107302218,0.1390113523811115,-0.16780562264742446,-0.8483364102027927,-0.9494848369233155,-0.46180325381091597,-1.2983988863610192,-1.0594822047336765,-0.6901056181280133,0.8341529765454146,-0.6173620154230418,-0.3715972279281764,-0.2006519729231393,-0.4848584371514546,-0.34775763403931215
Frustration,-0.01576453308995263,-0.6447778622024877,-0.35055475024926636,-0.6858627204052136,-0.4556335800698381,-0.4897652682317339,-0.8199287636479342,-0.9271852247634264,-0.46008314028161484,-1.0833027693402792,-0.6725733257353239,-0.6037150369091836,0.8032217241263226,-0.5584786851573119,-0.3651981068483664,-0.11192714130496752,-0.6905107314826667,-0.38364928548270644
Joy,-0.01873490282693088,-0.6266635746348657,-0.35022696194717395,-0.7644104604917363,-0.9363202597670764,-0.6158854815529982,-0.8528682345447646,-0.9366454085150766,-0.46083796524608783,-0.9946436067999505,-0.544791314255225,-0.5577660372282242,0.6552632901659888,-0.6440489172535983,-0.3739803284259704,0.04250084015459754,-0.6443663942085686,-0.37704690205937313
Shame,-0.47391669741455783,-0.47473479971859894,-0.3412422612590812,-0.961626149254134,-1.1421712335059904,-0.633220892483623,-0.6999711257142724,-0.7919925967014328,-0.44525502929546623,0.5734192170745888,-0.8627468051632988,-0.656086003005722,0.40799705458045504,-0.5511597845236673,-0.3642930145526597,-0.3342605707223391,-0.7613606173475627,-0.3921524997845491
Neutral,-0.4562217107334417,-0.46276071050252143,-0.3400604475403679,-0.5460366797672521,-0.4050496989074413,-0.4695193830333073,-0.632854106385167,-0.5193937598614637,-0.3923847149001773,-1.2484015493088534,0.4389939298284568,0.08559392818203782,0.6639457929360766,0.9413456498373768,0.3271509531698394,-0.34147759513373416,-0.13498366246491805,-0.24837908140417544
Pride,-0.5784405722285885,-0.6732070047281803,-0.35074982331114324,-0.7501894652476452,-0.9786392348835463,-0.6212452300303603,-0.582710050626832,-0.8912226887780901,-0.45687614443118063,0.6305792384729616,-0.8999142500272178,-0.6640836502664189,0.07341718515558986,-0.4677122539587434,-0.35225840094647454,-0.11598165012639944,-0.7021701719249848,-0.38518466947194296
Frustration,-0.5784405722285876,-0.6732070047281795,-0.35074982331114324,-0.7644104604917363,-0.9866334485411707,-0.6221533290263833,0.23214992646123464,0.4871687985817235,0.06890339850534018,0.6437801632952752,-0.8023145041854428,-0.6415202448302904,0.26443668800137377,-0.5895887365559038,-0.3687746245239288,-0.43442043392477386,-0.6951955492228621,-0.38427265134606264
Joy,-0.5784405722285892,-0.673207004728181,-0.35074982331114324,-0.9001563241853346,-1.0761413618116606,-0.6300561617248797,-0.4153758783505258,0.15621823728364642,-0.12896929982239444,0.7684320003779472,-0.27452666913130697,-0.43209213432096966,0.2474568635412441,-0.5982598564743599,-0.36969337801668656,-0.3417633487686719,-0.8226423665906449,-0.39791110990748835
Frustration,-1.1428694962243557,-0.6732070047281788,-0.35074982331114324,-0.5248413867643529,-0.8756793090264889,-0.6065849750316781,0.03663387944001837,0.5833435079612277,0.13489415970899862,-1.0377023950928015,-0.8891494140009815,-0.6618425549958232,-0.3506592756838374,-0.47324605089000704,-0.35315410190415575,-0.26793668226181133,-0.7483580008453675,-0.3907402394945058
Neutral,-1.1476125964259982,-0.6265667237041077,-0.3502247836677934,-0.776111279363457,-0.8423715396092134,-0.6006645035302564,-0.057699488659038664,0.6814682631384616,0.20616275040373513,-1.7631210332990657,-0.5727776789507992,-0.5685692693868827,-0.1898888284592979,-0.5206951079982376,-0.3602649575125768,-0.35425438692074285,-0.7280581350224571,-0.3884021279805567
Pride,-1.1428694962243549,-0.6732070047281795,-0.35074982331114324,-0.031175945706391265,-0.16726687837843165,-0.35655420099181334,-0.7964966386944373,-0.9155861793154528,-0.4591071798582908,-0.24517266258758083,-0.7145750348552564,-0.6169298395927599,-0.4577372298404064,-0.5146209838411375,-0.35941157813083874,-0.2328278589718951,-0.8399010658028999,-0.3992656805907215
Shame,-1.1428694962243542,-0.6732070047281803,-0.35074982331114324,0.7383932119276069,0.13364066540671826,-0.17153477447673043,-0.11528964121745483,-0.29293814018926695,-0.3251101998088966,-0.12062043462202154,-0.5679572571459786,-0.5667380745598332,-0.5362559330804295,-0.46091523195685113,-0.3511392561069517,-0.09408909933980467,-0.7924262591997742,-0.39525676825043027
Joy,-1.0613408738694103,-0.4781104699797845,-0.3415629253973826,-0.016130452311069528,-0.21731415222319236,-0.38276875920675424,3.1689896143440976,1.233800528513617,0.6815657269462451,-1.0009911204482063,-0.014367935063996846,-0.27457267146167963,-0.631570246053815,-0.20648077386582134,-0.29419577954838844,-0.14378217131333756,-0.014427435259051626,-0.20295599188322444
