label,mfccs_mean,mfccs_var,total-mfccs_var,chroma-stft_mean,mel-spectrogram_mean,tonnetz_mean,spectral-bandwidth_mean,spectral-rolloff_mean,rmse_mean,spectral-flatness_mean,pitch_mean,envelope_mean,zcr_mean,spectral-contrast_mean,temporal-centroid,harmonic-to-noise-ratio,spectral-centroid_mean,tempo,poly-features_mean,rms-energy_mean,crest-factor
Shame,-45.65340184671322,2116.3826321422757,27512.974217849584,0.2902407453299857,0.24638564723466863,-0.0073905299409187135,554.3696149664885,1726.6157011082169,0.015016644,0.2118232558293066,932.0650656517417,1.3017753159401428,0.19025955662316124,23.408688341237912,255.87496325769354,0.4526879427493784,1203.1567099779152,117.45383522727273,0.15019539245491886,0.015016644,20.291854037945605
Neutral,-42.85308616282994,1150.376828958109,14954.898776455415,0.2882781779246362,0.06706027241326153,0.00137320137374872,568.4028853696792,1863.6605175938796,0.0062090964,0.08871751971345848,1118.0546521746494,0.8728138901087735,0.22121138088053122,22.694277460467838,270.5276996705122,0.19364120974946827,1320.4645896011568,143.5546875,0.06481982612368341,0.0062090964,42.912059318312075
Frustration,-46.47907896743941,2250.8684443839197,29261.289776990958,0.28852404772858775,0.167001290799888,-0.011652339982194788,610.3382060264792,1816.2414191516104,0.013636191,0.17433693700590722,895.1953364367452,1.6200883550698557,0.19150514105760846,23.955194883366566,253.53379094477435,-0.9014575282558548,1236.3070509930487,161.4990234375,0.14135848532848513,0.013636191,27.830920376418405
Pride,-45.02489076312165,2005.4856250375115,26071.31312548765,0.2874399149219172,0.20114147694807807,-0.01135564565211443,584.132205542753,1734.565575443097,0.014138835,0.18972892052896254,852.7505935254969,1.5429014398077043,0.1830400136902294,23.565985757453717,249.2266109645658,-0.16546303487664488,1174.679726409349,129.19921875,0.1445269864447846,0.014138835,24.96256113979333
Joy,-45.77172830234042,2288.605717799188,29751.87433138944,0.28827702568373464,0.23367917546554742,-0.006772968093491727,595.3028396584635,1754.0409828299908,0.016217126,0.204816754621143,829.1607610161105,1.6561387264894738,0.17765771835268104,22.70486038673976,255.1588767460512,-0.6746046934732592,1175.3315914527411,143.5546875,0.16906759894078535,0.016217126,22.838355504216864
Pride,-45.71537497525216,1857.6004781865781,24148.806216425517,0.275763109902589,0.09925185702291878,-0.005072064324259775,611.4921221471236,1973.3081605137186,0.011062389,0.04554807506071429,1171.927777690699,1.707888210165564,0.23842857623922414,25.25845821862139,228.8003528174384,1.5940550166392053,1402.8012689853165,184.5703125,0.11232203994424993,0.011062389,34.210597462512155
Neutral,-48.82926431525395,1053.8863067908585,13700.52198828116,0.2882486299413077,0.028843771653308158,0.0008559993694569277,678.9695183115653,2050.123258401419,0.0034428642,0.022076558365225627,1205.9038140290143,0.8026729872133823,0.24509585884488974,23.44509183835185,241.45363840514787,-0.7480575086860674,1401.8117991545862,143.5546875,0.03456776702323013,0.0034428642,41.906484517454345
Shame,-47.470073778728626,2253.1508296583165,29290.960785558116,0.2773571963650049,0.127356234957325,-0.004742655704305481,617.0353256099628,1961.5687168382278,0.013480393,0.0221294951636332,1135.4186741282122,1.830387625998442,0.23020313772394138,25.393248551468314,246.9688606005363,-1.9251053768419768,1382.4874865494985,107.666015625,0.13174882651703138,0.013480393,22.669212854095754
Frustration,-48.146377269832435,2176.4248752817894,28293.52337866326,0.28140653827384027,0.09705501981182449,-0.007382109154408269,608.8712927229465,1898.574002529154,0.012206067,0.03218321836241155,1073.6320089588935,1.9026334667251665,0.22290773793529664,25.491967784983245,257.24446597400254,-0.021005244716185124,1327.161031306431,143.5546875,0.11318716564115794,0.012206067,25.166739977788932
Joy,-48.629457694037676,2563.2252629945338,33321.92841892894,0.28572075632587624,0.1630884023070421,-0.013011371067069526,639.6588673867286,1876.4303201492357,0.015936488,0.010992401178664245,996.7946604228248,2.151275365833181,0.20743865494388544,25.35641580711795,254.68742770255759,2.007027889521151,1272.0183340402334,161.4990234375,0.15317710431844112,0.015936488,29.83283697542736
Shame,-46.52849891465926,1781.8002666671807,23163.40346667335,0.2712405208226511,0.09829658629463706,0.010960313587245817,577.5737701931256,1884.2953889266305,0.009823021,0.06866759210099947,1132.2495471824407,1.3369006724634886,0.23091428317250814,25.285266458971062,265.76936168177036,-0.7749449972431499,1371.7769571769645,58.72691761363637,0.09520146030886859,0.009823021,27.027197616364756
Neutral,-53.56912021824659,1222.1163634715012,15887.512725129516,0.288113871110762,0.013501310383709275,0.005531176604362568,688.0162073384936,2062.5148114477406,0.0024235533,0.02427977742150098,1209.8911066618036,0.9608454607050498,0.24931620014509784,24.918059144459615,267.2344837741176,0.3215421751959871,1411.987751563256,64.599609375,0.024120659856085587,0.0024235533,63.29605843543585
Frustration,-47.93639974900997,2129.7000158299734,27686.100205789655,0.2764074490662033,0.099081418912876,0.00968328911640803,530.869977120417,1834.6364436645058,0.010871329,0.09630782128902221,1158.101950739182,1.56986026025284,0.23028865805775608,24.971514925829073,269.12878451321194,0.06437015142705947,1365.8238052394756,80.74951171875,0.10672791547008038,0.010871329,22.29163008342476
Pride,-47.32434683584754,2078.986407890218,27026.82330257283,0.2798373373911073,0.09644401655463508,0.014027882391014632,560.4789902173817,1819.9991676771592,0.01108987,0.05999799669101775,1124.6659870974365,1.5811563452224298,0.223703709959604,25.75007492379604,273.822980546121,0.08564569122458258,1325.2197172636897,117.45383522727273,0.10860771197019262,0.01108987,22.87892837404115
Joy,-46.42846598402019,1840.7819119051053,23930.164854766368,0.27209633053545323,0.11073747601029396,0.008497142670819932,575.5050743092039,1837.1756939785635,0.010987627,0.0409786770041005,1084.656223549796,1.540549206499211,0.22108268261669994,24.945560410866143,247.5989366601002,0.07068455018568676,1323.3797154299234,86.1328125,0.10528211291228642,0.010987627,22.906402362736348
Frustration,-49.710994225945846,2008.654723561181,26112.511406295354,0.28541560014669554,0.06457385702747696,0.0075042592990805365,657.2489470244765,1809.1066460083716,0.008257206,0.048908733196402064,878.7968457538187,1.5451791318955395,0.19792626858679885,24.54066007684434,227.1801263901292,-0.17388413116941256,1199.7877110319678,161.4990234375,0.08109538669471189,0.008257206,27.176487089923903
Neutral,-43.71336800460734,762.7925851944009,9916.303607527212,0.2953046830245183,0.03865106376912068,0.004790264738928215,663.6856487102683,2034.5832665286846,0.0037611849,0.024309309082923277,1196.1365359538113,0.7057478457681413,0.24200166161380596,24.3823069104789,265.7781219494451,14.086772322392333,1395.0243409278276,184.5703125,0.036507612955111554,0.0037611849,49.738306804546
Shame,-48.88433226565354,1966.9271459489887,25570.052897336853,0.3012114410371909,0.07135596082662324,2.288561040867192e-05,671.7284117177597,1899.7607346289667,0.008262588,0.0480287931360356,1008.4339393441622,1.3646577394566488,0.21426577415505677,24.28171530135199,235.058163385237,-6.3536027376297675,1258.105745102412,161.4990234375,0.08267153366596357,0.008262588,21.340880990627195
Pride,-47.0342825386238,1730.8319671122808,22500.81557245965,0.28956188521684134,0.08419939006451173,0.006528847075648952,678.4682834325259,1960.3387734522037,0.0091125,0.0379620786859106,1096.831353803875,1.4998407005332721,0.22495674698086573,24.35829245300863,205.86729962715518,0.23706696781173403,1348.150907179537,129.19921875,0.09247830070083131,0.0091125,18.96257652513771
Joy,-50.12013556744445,2412.895735189311,31367.644557461044,0.2997304411048199,0.0979310466160798,0.0036575390266260425,683.7100394354397,1839.1598510742188,0.011104418,0.0579674774950486,907.2440781934913,1.7455783904458853,0.20494152250744047,24.373876072982792,235.3163574038866,-0.08814075118321256,1210.7710926371124,215.33203125,0.11163098779352133,0.011104418,18.122194779394835
Shame,-47.464815559319284,1107.2887871647918,14394.754233142294,0.2806839724797611,0.03247007683384022,0.0026403797256187573,657.7528963921236,1887.0707546119802,0.0043447725,0.026329473936756772,1022.6218162292035,0.8287660824606283,0.21750549084529336,25.357294504116783,237.4583898542121,-3.4178261120868885,1260.7582475296595,161.4990234375,0.039717396771128226,0.0043447725,37.65145089719755
Neutral,-49.59479928772889,1280.5193246405954,16646.75122032774,0.29602702287045746,0.03052064281372568,0.004235212855659937,651.814074279657,2013.0516281974296,0.003913253,0.030038831140907572,1180.897010356319,0.9796516970337072,0.23738129581022188,24.013318972800423,281.7953108366771,9.563215385079756,1384.0317087553988,161.4990234375,0.03963480825126061,0.003913253,54.797667671171986
Frustration,-46.88585733195285,1445.4854520670187,18791.310876871245,0.2700572440243828,0.05372832383715956,0.004181904519300367,696.8158973028467,2007.6259332970728,0.007114184,0.016903749526442878,1026.7391043883556,1.3064253137854902,0.21370566323839663,25.60851609848219,273.03514874055605,2.112676518402942,1336.1581314213306,129.19921875,0.06184392851724604,0.007114184,21.611229681279564
Pride,-48.17189208771138,1518.0160518011155,19734.2086734145,0.2846913688796817,0.045347470526313965,0.001751440266089481,657.6643068051843,1881.449001736111,0.00629541,0.03023203109486971,1004.1173341689356,1.2771473070582318,0.21031081211419753,25.356360586516903,257.6759474752147,-0.3490767807665335,1262.3570896189485,117.45383522727273,0.0556456945151477,0.00629541,24.679904929154638
Joy,-48.0393731610143,1745.247833280869,22688.221832651296,0.2814303167714967,0.08614055293869644,-0.008102571574300674,646.1270287398291,1865.6696930285673,0.0091809835,0.042506049258353946,1018.7335774355702,1.4560927290139871,0.20591534041473317,25.502588079168675,228.27983921857248,0.16665413806910093,1263.6758500462913,161.4990234375,0.0816930438108601,0.0091809835,26.65295982108511
Pride,-45.411830727876904,1884.1202367363103,24493.563077572035,0.27532411983497834,0.2528914566973782,-0.00891363920447381,596.3646425962582,1754.3399149643353,0.016221374,0.06620519162110747,934.9703425103896,1.7138015694186772,0.20308284622302158,24.863552903167264,179.7804452160949,0.67810579802517,1207.733900855262,86.1328125,0.15334391476248344,0.016221374,23.80456713092323
Neutral,-47.9032845166164,966.4490364407836,12563.837473730187,0.2967489307584815,0.03804923598359865,0.0029419014443207376,679.6926478754657,2009.512787561706,0.0034956764,0.030994008952043576,1149.2431051916485,0.7399332421990235,0.23467887973804327,23.237039419259396,230.35311676023608,1.0273580187423645,1356.338026904095,143.5546875,0.03703601430297414,0.0034956764,42.1452491169852
Shame,-43.43114427371222,1606.0010809930257,20878.014052909333,0.2799872874824469,0.2599662231198305,-0.0026368691197622505,608.5097390796512,1785.64356446646,0.014777324,0.14778970671073252,978.0043985612182,1.286286282879121,0.20728750320038689,24.229379485010494,187.40341410258827,-4.458146209354666,1241.123071485285,107.666015625,0.142147635742295,0.014777324,23.20087875757652
Frustration,-44.99344483541154,1845.926044145135,23997.038573886755,0.27918220255416276,0.23271005874128914,-0.0015322092292282907,580.358011361394,1683.453730350199,0.015530777,0.10681407760248686,898.9130182820903,1.6234231928662348,0.1964624430955994,23.937714813992837,183.4254049740527,-0.8254324045383207,1157.4839735757457,161.4990234375,0.14799854966398965,0.015530777,20.779558018062133
Joy,-43.59449413865601,1627.951662475664,21163.371612183633,0.2690882969853158,0.2788584361208753,-0.00781289341331918,600.0153524662687,1791.4355632802956,0.015734376,0.08605490669668073,966.9869148273865,1.4570639511450134,0.20963700748320097,25.083774670936197,176.15074008862203,-2.6127424737950204,1229.8741824545657,129.19921875,0.14298045279453572,0.015734376,19.485145734883172
Frustration,-45.91522177744166,1800.8772111064025,23411.40374438323,0.29272958315848696,0.1316685325522162,0.0030993952128311767,638.2977945892011,1893.3616228920637,0.010219467,0.12167272260355332,967.2412140288061,1.3559369386711795,0.21477768152021617,24.008936822997875,254.7344773577738,-7.540556835664579,1299.0876046589708,161.4990234375,0.10454548459744678,0.010219467,28.80124291339418
Neutral,-47.84042659648638,1332.8836263931626,17327.487143111113,0.27964879896296,0.05489227475303982,0.002893304041083539,649.2989470745463,1983.5154724877602,0.005480972,0.03872724405376193,1158.6698094041847,0.9926208275255046,0.23651557787452487,23.34867698597187,234.21063472297683,-1.2654435573389256,1370.1125133753812,92.28515625,0.054415141737495384,0.005480972,40.54470153245904
Pride,-46.31372947668423,2164.724594009017,28141.41972211722,0.2913152761232114,0.16711586681697252,0.0013606333174574275,654.6580779176173,1972.8848458156438,0.0122265145,0.11072865658214014,991.5879446156355,1.6711808821403424,0.21932309020313845,23.11124873763195,248.30460527023138,-0.6083517139399038,1352.659517912926,184.5703125,0.13219222132309374,0.0122265145,35.29644421253225
Shame,-45.46239707196675,1912.452048275985,24861.876627587804,0.29256246428046484,0.18372301125090373,-0.005590681998936492,674.2910977700642,1965.9345453435724,0.012321935,0.08119347755052864,951.7950094361088,1.360131040939406,0.2148007479580966,24.354793388457395,237.22188929442441,-0.9177012456669116,1312.7925645903845,129.19921875,0.12419111405361702,0.012321935,20.79587790222741
Joy,-47.306259647029954,2055.630098790426,26723.191284275537,0.26654714166184756,0.12660890421940224,0.0032010559974569143,734.2993942147855,2165.445556640625,0.012169351,0.043756910219057435,1079.4077420559524,1.7609697196814844,0.23569859095982143,25.05468258941731,241.23067873529965,-1.0914405799487081,1479.8829517207105,92.28515625,0.11863313073769224,0.012169351,16.287168761592092
Frustration,-45.788729900880554,837.7721341342466,10891.037743745206,0.29746515428288994,0.018251856950413467,0.004463292237913888,696.5075534392994,2016.8245554956898,0.002805043,0.02913197546605758,1126.874174744328,0.7575928222051774,0.24036413433908047,25.212834220922456,214.98320560394006,-0.0699569161237796,1342.3399138345346,99.38401442307692,0.029082798536885092,0.002805043,42.5606097606061
Neutral,-47.584430599891476,1200.3689803810073,15604.796744953095,0.29291904241416944,0.04503710099362753,0.003520990815370516,659.213083088397,1993.3584859329842,0.004762638,0.05163325207592476,1182.4967318170306,0.9358983244738077,0.24003774536368017,24.018745180707313,224.2544969767083,-1.2218468782018208,1378.4318165266022,92.28515625,0.04910584896849821,0.004762638,45.89837305200596
Shame,-46.44102183072878,1168.444883276809,15189.783482598517,0.2891270549146635,0.04533969611624545,0.002680920431916666,685.2477369089859,2010.355224609375,0.0049461816,0.032389727713341296,1182.9956926184886,0.8730703788519995,0.24112897600446428,25.509998047720643,219.19158452611435,-0.08638006888792076,1368.1608507859873,129.19921875,0.047005599179872404,0.0049461816,40.71068928992864
Pride,-51.48960367685064,1569.3562587014637,20401.631363119028,0.2873726623434978,0.027168232694019582,0.0009604232769900256,657.6425237175289,1980.1401863164951,0.004250778,0.057567347129403014,1195.3486941258807,1.071361790184257,0.24056915977999124,25.17808247723102,224.90225175031486,0.448023038358145,1376.1170740960397,80.74951171875,0.04151485208557508,0.004250778,30.36332957304286
Joy,-45.24430663593555,1735.9294893753581,22567.083361879657,0.2807267627909237,0.15903252894049114,-0.000382958555261375,685.3241745305941,1969.6015302459737,0.0115658175,0.11876581820820917,1061.886721742757,1.3436463671264174,0.22669918042838458,24.687922283038294,210.8764240395423,0.061447358041118304,1333.608180255352,129.19921875,0.11465786733010386,0.0115658175,22.847764702037026
Shame,-47.71126011032443,1811.1448768951943,23544.883399637525,0.2893548219407921,0.10109423425593034,0.003526232552017119,635.892469983098,1972.2312122932483,0.008608686,0.07838683380944662,1146.869617738674,1.4489658799088165,0.24011701803145336,24.374976963448532,228.66503461129125,-1.0072807794484004,1392.9808661296097,129.19921875,0.09209687163604054,0.008608686,34.57004375139236
Neutral,-46.01019061660058,780.5752492369654,10147.47824008055,0.2902774092488872,0.028601876577198385,0.005600241219459846,674.5163951633481,2065.817013713224,0.0029409048,0.014437516766824279,1246.9472646910408,0.704946545004076,0.2491432275451432,24.66906090931271,247.3498149882291,-7.470773582465084,1424.5833351041251,143.5546875,0.029396454502461374,0.0029409048,57.759692864309535
Pride,-46.90588825771744,2157.559998340104,28048.27997842135,0.2687621525456046,0.18923343612035362,0.009407373603757886,618.7661552617773,1931.1817465588736,0.014462158,0.09117104370213656,1091.3467037449936,1.6604391094712627,0.22976786192923815,25.356782263532818,220.35551451117317,1.282860076854521,1366.6393365941315,75.99954044117646,0.14416774578059707,0.014462158,20.357882115098057
Frustration,-48.0284159905892,1867.1821110685098,24273.367443890627,0.2867495161857765,0.10647143333392475,0.005550011180648842,643.877175868064,1944.4919644273477,0.009194227,0.06584928308478756,1079.8360605204593,1.419916673594335,0.23188968738669324,24.686802068249737,209.50420292371172,-1.6862983731104386,1333.3977805625684,143.5546875,0.09724060198324545,0.009194227,26.6636281781035
Joy,-47.30318752259428,1798.287312842371,23377.735066950823,0.28206208402028804,0.09398564340951773,0.008200485030646952,635.8371957901576,2005.1998901367188,0.008925999,0.0542639518473044,1152.9311983553596,1.4417453165576075,0.2410235969387755,24.79258101409971,216.8902755554455,-0.6145034972872634,1410.8122846031636,117.45383522727273,0.09083362840875066,0.008925999,33.65753895769849
Pride,-47.580232134812526,1578.5760055270184,20521.48807185124,0.2782294649872861,0.08321581078998407,-0.0023306014752327493,647.4190449669617,1844.5286549805285,0.008651798,0.022075612690786735,949.6419391227085,1.4350043514990058,0.20462414573152107,24.729528915770505,217.98692927912242,4.932893543118523,1237.522891532079,184.5703125,0.07736273544120316,0.008651798,26.316406936494623
Neutral,-48.49584548464968,980.912903246405,12751.867742203265,0.29089254656892083,0.028978982840978575,0.002983282209191346,702.62884546739,2040.705623598783,0.003425263,0.023705362578838724,1138.108320869983,0.7867197611793906,0.24066260409040996,23.716398019806242,230.12986609214914,-1.3798793156438642,1369.1331778520266,161.4990234375,0.032690184790116095,0.003425263,50.501171685201804
Frustration,-48.89930456828448,1669.8703868632306,21708.315029221998,0.26958787190579253,0.0632292767522688,0.00012562479192502072,615.7904561676119,1804.711482628963,0.007551788,0.026663189110593736,978.5607766440243,1.507331641447439,0.20948568385091823,24.586098085268343,215.2456103371771,-0.18279831185262344,1239.4112164846656,161.4990234375,0.0706584149037758,0.007551788,28.912014308390365
Shame,-43.649062047298564,1115.0465937444221,14495.605718677487,0.2752866689813084,0.09375500127960756,-0.001955833721728167,628.119674609301,1830.2361192993508,0.007616137,0.03969015973466779,1024.522945753357,0.9159608460094795,0.2168564738096172,25.189361925747217,201.5863935087979,-0.3714168734280062,1257.7745530879035,71.77734375,0.07058478545366177,0.007616137,30.591577280217958
Joy,-48.14018110466649,1797.6506055613877,23369.45787229804,0.2759622218994188,0.08939802841506486,0.0016158480214046678,617.2156044651867,1790.0301390945774,0.009583415,0.036529112756595934,957.8315514114354,1.6155007555825847,0.20717833395289717,24.47137161757977,216.7279675375331,0.3688644627778158,1225.4141454381663,117.45383522727273,0.09075937407295376,0.009583415,21.85517815341304
Shame,-44.93435972258796,2009.7434122993268,26126.66435989125,0.2823555416132644,0.26975652779765386,0.0010056266482140685,585.9605763817369,1819.9948081487341,0.016110336,0.14051001842619587,999.2801350407517,1.4628116814635572,0.20205641262306612,23.97922293700169,221.64545708277296,20.107297031822956,1262.5480045970714,117.45383522727273,0.1616814180222768,0.016110336,17.38462115391675
Neutral,-44.49430817308768,929.5597392247195,12084.276609921353,0.29239806479923436,0.042926591240337375,0.000339156923186824,647.2572762468786,2024.9194996410026,0.004296574,0.026115110168798635,1203.5640616150583,0.8153563673435437,0.242782862115071,25.501217281217823,280.5360480401002,0.925748035080936,1406.2007385087663,215.33203125,0.042639197345710964,0.004296574,39.8814097796139
Frustration,-45.10125041643172,2207.296534406393,28694.854947283115,0.2894001837588461,0.27752374168941213,0.005422144133513811,607.4266293322535,1767.4114153852279,0.017209027,0.1451351711508875,920.5657693434302,1.5878375451256763,0.1931094280860702,24.060810211756575,223.04157778476218,1.1511348391745555,1210.177356243606,92.28515625,0.17781017158638246,0.017209027,19.024216902451528
Pride,-46.775795099525936,1711.5537615353667,22250.198899959767,0.2811689544549893,0.10282740612625293,0.004971178198474988,598.5207459847778,1811.0583462090876,0.009522678,0.05484391128433968,1029.6250213142653,1.3315256140261864,0.21110660761954503,25.347729514104017,197.8685822796758,0.33494933588644965,1256.4581091083767,92.28515625,0.09604731807925548,0.009522678,21.192722046142595
Joy,-48.00885344969247,2400.1677482966948,31202.18072785703,0.27017824256638406,0.2733723625942745,-4.829135139694816e-05,591.8404499749396,1806.716057562059,0.01766797,0.08437548408530178,940.2219229051076,1.802621089579051,0.20494916362147178,24.30018189111262,211.07398192831846,-3.825420491343206,1269.1781946264846,67.99958881578948,0.1749741442996871,0.01766797,14.701864010629404
Frustration,-47.79808116895912,1843.1458970946596,23960.896662230574,0.294011303055164,0.07149720037529551,0.0007169498972624096,657.0022016815911,1976.729713652525,0.007598164,0.07370759887070305,1075.3491217973453,1.3313922493974417,0.22825636730843654,23.77592181610449,264.17343405822777,-0.7639821598649876,1358.6069619443513,143.5546875,0.07790770288039497,0.007598164,34.9873111211611
Neutral,-46.18516402391066,877.0852860532491,11402.108718692238,0.2923964030426279,0.03263099874741721,0.004053596260009256,651.1284419811424,2005.214797281067,0.003371349,0.022672745603085444,1183.6065199841996,0.7264937403362927,0.23996219982090566,24.3811321017224,270.3066247878318,-0.30122925623841895,1385.408502384799,99.38401442307692,0.03398340167852374,0.003371349,57.838125017331556
Shame,-47.6172445758751,1919.1355893700468,24948.762661810608,0.29432138132915014,0.10149780170551793,0.0026526858099719225,676.3139250248574,2069.634454900568,0.009241403,0.09012311674903367,1094.378372579884,1.5125230449457305,0.24155710942609548,24.439282152131586,235.0736519145102,-0.6919070851717926,1426.985760151307,99.38401442307692,0.09576668137961791,0.009241403,28.873904055845827
Pride,-49.5787565949179,1692.8150341773205,22006.595444305167,0.2960079302713234,0.06009582083448938,0.001528508727115844,661.5647745907743,1995.86271134989,0.0060748085,0.03490150149960374,1167.9705100937447,1.2635908599370496,0.24217246494684752,24.346842378895552,238.57717273086587,0.42474472907125416,1393.5662961606636,75.99954044117646,0.062221017531587014,0.0060748085,36.95632014003019
Joy,-47.443309100046086,1381.5064794994962,17959.58423349345,0.29163599658356787,0.059817554375773616,0.008303489029962599,673.697642454444,2004.3156708525282,0.0054815984,0.06305443219008834,1154.9264590684493,0.906025524192814,0.2387967367056007,23.483216810035465,230.66578384930256,0.15460549842029986,1388.292068891243,215.33203125,0.059316370965715876,0.0054815984,29.894123248470372
Shame,-48.17641879071689,1854.5884478310202,24109.64982180326,0.29151004310366957,0.11905975952919122,0.002067773270181939,607.4207801009884,1839.4323343502342,0.009016688,0.096480477638898,1062.777493178944,1.3885796953197689,0.2189720170909382,23.78646711861372,224.95745155633819,1.3703606736450724,1275.2400671359162,107.666015625,0.09613169368808086,0.009016688,36.443156800475684
Neutral,-51.53849603179605,1051.693810701362,13672.019539117706,0.29002288520706415,0.020289983780061062,0.007773528136726867,658.3617122904825,1909.080653674659,0.0026749978,0.013414261409101652,1093.0964056864889,0.814705039609614,0.22668263687342513,24.01125532988626,235.34025110064047,-0.1297422653990483,1291.97765998339,129.19921875,0.02724166606595338,0.0026749978,51.67813479115078
Frustration,-47.53244941500801,2078.681608576332,27022.86091149232,0.28974180029608915,0.1360685080711423,0.004059571426101494,607.660952419613,1849.2240791890158,0.011273235,0.08820428509236981,1041.1573669444924,1.5536186703471009,0.2200751613028607,24.43540150036239,227.31888859923015,-0.9899703034580556,1277.286316839601,117.45383522727273,0.11966664475404039,0.011273235,29.38688164189416
Pride,-50.01985952386024,1797.0586005228106,23361.761806796538,0.29204332640560554,0.05470893909181423,0.005633834764834624,622.5096949779147,1817.0634800977562,0.006364707,0.06745808220696481,1032.444059860899,1.3363487291031213,0.21843099512883304,24.094977613426114,216.68229579319367,-0.4805440975874134,1253.0875875299762,129.19921875,0.06925488025618251,0.006364707,36.067301880910016
Joy,-46.77546018178823,2107.8555478355624,27402.122121862314,0.29304672499045425,0.1827772049442638,0.0013279948196191365,616.4182613707566,1815.8394730059474,0.013481218,0.09032070773146574,1003.3720897536017,1.6387874063427161,0.21326784493120027,24.066877181877267,211.79335857945347,1.4308253932119281,1253.1220472285509,129.19921875,0.143301075400419,0.013481218,20.03090458577117
Frustration,-44.89522862555223,2036.7206937099143,26477.369018228885,0.2768758690751809,0.2107538335212788,0.003088536081347011,606.9662424295211,1833.9862238511153,0.01580303,0.11000392398511671,1006.2610451498014,1.6832892609756294,0.20711337721888498,25.31652285435068,253.448318528806,-11.802279207671537,1295.045451850547,80.74951171875,0.15673866309666348,0.01580303,23.01123533030898
Neutral,-44.59273135589295,1245.753650403925,16194.797455251024,0.28153502183243856,0.08474227976293743,0.0018827733352781485,625.6968949707491,1915.729006728685,0.006844265,0.031579516598559926,1137.6326013440587,0.9897866663028859,0.22977753567557804,24.373033466043903,234.57716708911306,-2.151157083280299,1335.4002277589834,161.4990234375,0.06989315005518061,0.006844265,34.015468712408364
Shame,-44.795133466193136,2109.5147784137926,27423.692119379302,0.2832019596027497,0.2192092973943562,0.001026989376729322,609.833802383663,1723.030930228087,0.016629819,0.13878035707675473,869.2978395444716,1.796606602037695,0.18278982475028951,24.627370290733676,254.424564762041,-0.8231411085466396,1177.6954560190397,107.666015625,0.16825568548319844,0.016629819,21.974515153642376
Pride,-43.778348311281675,2082.193638823492,27068.517304705398,0.2856632333955568,0.2440997671214095,0.0014594846791719967,602.5808756421059,1761.1409720642373,0.01753582,0.13864132670990698,922.48266743132,1.8153214843183143,0.1897970654436907,24.210784121700748,256.74567630057203,2.963772123199392,1231.4059386423635,161.4990234375,0.17968296187202315,0.01753582,29.754191516860853
Joy,-45.74233903930532,2118.9118673697676,27545.854275806978,0.28103616532162107,0.19257562905460102,-0.001418690463193,615.562414593462,1743.2627694118064,0.015106775,0.11761681370984736,882.5146651289839,1.7353224688841402,0.1887614577434881,25.10863294178502,264.60311804145124,0.07769520698439475,1195.7418115632888,143.5546875,0.15364735981295324,0.015106775,21.207439575687516
Pride,-49.02614344434808,2378.7825588213896,30924.173264678066,0.29358563030064233,0.10481305453363417,-0.0009682624802226758,610.9263548713571,1969.7081343325547,0.010442104,0.144818502087486,1151.1141203234924,1.4927301044509989,0.2327311462444857,23.902339536662435,248.8985825493642,-0.9307839807559084,1401.527632405957,117.45383522727273,0.11213651454572918,0.010442104,24.569616141897807
Neutral,-48.2842472051844,1144.9851820257306,14884.807366334499,0.2847042828209182,0.04176086770053936,0.007140778316015486,682.4167791376989,2053.9501610378984,0.004252538,0.02369316389653432,1173.2712549787523,0.8409209442785706,0.24264713119825415,23.884537540710948,242.14044608638102,0.04838500160103255,1403.629780662817,129.19921875,0.043068728714165845,0.004252538,44.19651745727425
Shame,-48.14212753640366,2217.0064712228586,28821.08412589716,0.2905901211865215,0.09454179877044648,-0.00220702524966661,619.9459151649306,1938.4926609872848,0.010344674,0.11466659438525928,1075.233141518872,1.602933043113953,0.2244824202669603,23.052886774706707,253.19754399864462,-1.1967774456215081,1360.1414988330343,161.4990234375,0.10859470363005207,0.010344674,25.34486466889186
Frustration,-47.932780807520636,1987.4364584571122,25836.673959942458,0.291217878570667,0.07074624904704847,0.009589498805421395,613.4491498618322,1899.7815412527946,0.00861105,0.10679766561242371,1063.380051418055,1.4644277482818742,0.22143317211523375,23.981856376342467,244.1620530462196,-0.9096820326406422,1329.1466296245596,143.5546875,0.08993352177861016,0.00861105,29.63457710505609
Joy,-48.60440822674896,2258.257650109788,29357.349451427242,0.2881645863743211,0.10643404393731087,0.0010589213563895554,631.6501546011074,1976.2538112886004,0.010617456,0.11253982440511268,1093.429348213779,1.5971096954928912,0.22953367964301358,23.73506603095884,242.17783618587052,0.5720400577846223,1381.2742508589101,143.5546875,0.11231788667746419,0.010617456,27.55281465258397
Frustration,-47.06669851628407,1849.472038209113,24043.136496718467,0.27707143483065944,0.13508508639896072,0.003610011102658928,625.7094912951117,1811.26300337638,0.012025282,0.10203265881601986,916.0035723641486,1.6045529523970676,0.20086116177050473,24.043172600116687,197.2522784395997,-3.184557123522987,1226.5506637038932,143.5546875,0.12034334316610903,0.012025282,26.986337519992656
Neutral,-45.110361151223,1211.2998652420324,15746.89824814642,0.2821401769134735,0.09992712549354367,0.0014502656987502543,647.5827118555071,1847.569814048168,0.0075187865,0.044994600593153446,1010.0656379043298,0.9579025486065954,0.2115565058881139,24.94281139634917,205.42759835608427,1.0450004653177905,1247.019374143543,143.5546875,0.07267486459912847,0.0075187865,33.6256339410778
Shame,-45.543602091393645,1683.4628701845113,21885.017312398646,0.27989146687501004,0.1493071134281052,0.000244343349127502,633.4179547249921,1806.902500501379,0.012401569,0.07435538364869071,870.7756269125357,1.6070383557055763,0.19385343055956158,24.77337476344775,201.37187703503577,-14.120280316844777,1203.8509388355253,161.4990234375,0.12209261953897908,0.012401569,26.641506553288764
Pride,-44.75968746474651,1523.9193729954984,19810.95184894148,0.2719679512654058,0.1207617361163675,-0.0014659606676499098,637.9413614245051,1862.4609891882058,0.011095455,0.07246415580304658,965.8758678718177,1.4037951532146389,0.21022654595977416,24.87310087549319,204.5983439989527,-0.17372676564022657,1265.312032332852,129.19921875,0.10765969856758054,0.011095455,30.72837351374868
Joy,-44.45346334835905,1574.179445883223,20464.3327964819,0.27193103397814294,0.1474908112997496,-0.004629751556874307,634.8338794519008,1813.5953564510166,0.012360029,0.08915936744274543,894.0217075944533,1.5225615766647105,0.19839738982488805,23.955233497360474,205.03719885607543,-1.6476164672802778,1223.3698730771107,129.19921875,0.11924372045748291,0.012360029,28.99550898198459
Shame,-45.71627535416388,1616.5954377234812,21015.740690405255,0.27431859505560785,0.17071080668193447,0.004040231958145311,597.367450233098,1846.4475792014787,0.011676412,0.12590071037085565,1076.9641583320083,1.198431119112775,0.2227259088811282,24.323809477129707,196.6231598274845,0.11815443219159572,1304.3867523229821,161.4990234375,0.11223906813143272,0.011676412,25.75005397108051
Neutral,-43.423059310661124,891.8860029313505,11594.518038107557,0.284476533751092,0.06795008154415391,0.004968560112787747,669.9492612967566,1996.2333602134627,0.0054724906,0.04816514427954395,1139.4807376265076,0.7572068484216258,0.23424217489565796,24.714049492538045,201.98734959112886,8.478377822328303,1364.0646593832394,143.5546875,0.05230456329458568,0.0054724906,36.243920798690425
Pride,-45.29621508636979,1749.1792546252277,22739.33031012796,0.2751334655890315,0.22625520494397627,0.008378206754973553,602.7310171661463,1848.9952293602196,0.013844295,0.1463705164550013,1059.3593506340508,1.2887311896978475,0.2230086357283623,23.072224836946774,199.11077312001356,-0.9544132941385665,1304.592574242683,117.45383522727273,0.13727591715856563,0.013844295,21.141636584596526
Frustration,-46.41502064864589,1795.8563503704331,23346.13255481563,0.27725443315709947,0.18118982581633233,0.009712066879336142,601.742709724916,1834.0280142175145,0.012687715,0.11468269744672875,1038.3232619268833,1.3598255815735059,0.21797933923192772,23.04898751792723,195.46905130739324,-0.5685693511815982,1286.4760287255926,161.4990234375,0.12465269204184315,0.012687715,24.486659116414252
Joy,-45.16780171442486,1725.2698687716231,22428.5082940311,0.27296610116747516,0.21903335373237148,0.009968760406307446,584.9837382575563,1800.4239105729464,0.013825367,0.12833500030275738,1036.4914036239259,1.3156395921208235,0.21814144502281801,23.704706099099074,197.30058275692332,0.28239486762110083,1280.7279111751964,143.5546875,0.13460460563317722,0.013825367,27.29823113585743
Pride,-46.44380905516532,1693.432592551982,22014.623703175766,0.27099871121869445,0.2065980296189587,0.004376527047357651,522.1471146860401,1562.7726796774236,0.01311266,0.10386101457408847,923.96793204046,1.250252859726217,0.18775421693626398,24.642069109015587,176.59106274182452,-0.889769292664242,1106.1140444058115,143.5546875,0.11694172107231289,0.01311266,17.639244094880386
Neutral,-45.6268490380676,1142.733377012612,14855.533901163957,0.28405739753111414,0.07922224575602446,0.0055779232440259984,640.4753311854872,1916.8686063224204,0.0061297896,0.04455244065625316,1118.3212687009564,0.8864753782855542,0.23035437098114103,23.62385996313446,214.2602464619408,-1.8124463526867205,1322.2060580015598,184.5703125,0.059438447114073395,0.0061297896,28.118396694660017
Shame,-47.33415841991635,1387.0360382578701,18031.46849735231,0.2790953924610869,0.08505170235324432,0.004480205966783497,547.9926163769375,1679.761240962457,0.0076467344,0.0636878791205286,1046.2854710452782,1.0299684302703456,0.20980586383158661,23.750271320758984,209.6137781812576,1.4913365262246863,1207.3654144647355,161.4990234375,0.06738011078087179,0.0076467344,25.173085986425217
Frustration,-46.894373005871365,1405.0015218916035,18265.019784590844,0.2863783405353535,0.07899382689597573,0.007259218147528721,563.5342340049542,1672.5769571106819,0.007652625,0.08897048934149926,972.4178624455633,1.065811533948992,0.19995891790002163,23.560518524907728,203.7179974517986,-2.0540747575738507,1167.8824599776278,161.4990234375,0.07218731194453366,0.007652625,34.409113409663604
Joy,-46.402250810734614,1492.119908468615,19397.558810091996,0.2892839655947835,0.11875798905342556,0.006298327376536809,569.3117502543796,1665.3957938369742,0.008688731,0.08180889319614391,967.3364084424583,1.0608535867351239,0.1974977649298135,23.286931727695965,212.44051840332958,-1.3516728888385534,1160.0733925071315,161.4990234375,0.08740600900045466,0.008688731,29.358012015222407
Shame,-48.68155009509666,2086.805144310847,27128.46687604101,0.27886866667994853,0.06347545725411272,0.003982808715063714,556.6900386912988,1890.1079172936372,0.010034607,0.008896159198552273,1192.76192229708,1.683626270106078,0.2350131663800516,24.694786327048995,320.1784711823621,-0.73294982924759,1368.848109158849,143.5546875,0.0854417465655291,0.010034607,21.486433165766
Neutral,-45.99424482254409,992.757459103313,12905.846968343069,0.2872296541762692,0.032934071598470636,0.005071222131456366,644.8309846834462,1940.3295742223206,0.0040582158,0.02193583189633372,1111.0458908402304,0.9022909064166424,0.22767867344606946,23.472069509752792,252.85561030923313,-0.6846326242425598,1330.9927455278344,184.5703125,0.03919903897358853,0.0040582158,40.00499224891559
Pride,-48.24592381659658,1870.7674067809853,24319.976288152808,0.2743738556464339,0.06118086431961861,0.006786361284403512,570.4468149134689,1882.063155384462,0.008936725,0.021638010547586323,1161.2770419489727,1.46938159441303,0.22984565327726217,24.875241407348174,265.03718546570786,-0.11334678950600151,1354.673072266226,117.45383522727273,0.08365259950130574,0.008936725,26.432666506806573
Frustration,-49.26530266843767,2290.3484547886005,29774.529912251804,0.27989788513945224,0.08926720555003034,0.00805617031583732,544.7048244102554,1800.862641161255,0.011597969,0.012136295220975379,1135.7979488324918,1.6064560622645463,0.2224571258832436,24.799039987680494,308.42716953523126,23.312195288025663,1301.6587687072808,161.4990234375,0.10340238926701945,0.011597969,28.785407909934744
Joy,-47.512064502657175,1761.3976866529122,22898.16992648786,0.28887954668761207,0.07294029532246209,0.007874040924746327,582.0971979361098,1851.2885705748602,0.008890295,0.0052519990158699644,1119.6877933337823,1.3718448177937155,0.22891928702839967,24.351769046668494,272.86686833611935,0.07410748405958685,1302.546136531056,129.19921875,0.08618194526161278,0.008890295,24.169257891196434
Frustration,-46.01700051383031,1510.1856618678244,19632.413604281715,0.2871400985440914,0.07719568591288745,0.005707488265457438,632.748890346619,2020.1378282857652,0.0071038567,0.037553324627301196,1213.2814709732377,1.2968656825505092,0.24467935912872155,24.44315904748242,252.20428652395302,-0.32370638457732204,1435.1965522055311,161.4990234375,0.07424079391344765,0.0071038567,32.19357255155473
Neutral,-46.42332263307558,1024.0274179865175,13312.356433824729,0.2861823299278958,0.04123427113631924,0.0031921915676431244,660.2694283390529,2008.9512147484756,0.0044697304,0.021128862289926865,1175.8027851470965,0.8302306296802284,0.23792463795731708,24.63412724369399,241.3630976322179,-0.741825571556689,1389.0889075755981,184.5703125,0.04385627572991949,0.0044697304,44.204429040376255
Pride,-45.56869389234367,1236.6645171060775,16076.638722379008,0.2844601428136449,0.0631735755145894,0.003581482255362246,631.537948560963,1992.837440523347,0.0057840794,0.02293778592841181,1169.7841534301976,1.1604651659934193,0.23593678413255956,25.304590207425758,240.47784041574278,3.901973181669461,1395.9538415080137,184.5703125,0.05665611499070486,0.0057840794,30.594932192390473
Shame,-45.97828944793582,1590.183714848858,20672.388293035154,0.28345229220832036,0.08418421568955028,0.009346433847565195,610.1222089428452,1976.8344264863897,0.008221275,0.034961434002438924,1139.0211711834443,1.5267512482575103,0.23025440992120344,25.688629316726242,240.77781074790602,-0.4836192817240148,1394.3940420432646,107.666015625,0.07918774079134348,0.008221275,32.55320535978108
Joy,-44.48288210313231,1275.5907282662251,16582.679467460926,0.2845260792340802,0.09103914963700391,0.008904782090091948,673.169330212353,2067.948606508804,0.007261255,0.03346771774066572,1107.4257347564696,1.308134208952076,0.22913668448464913,25.29071067889447,243.37383408239222,-0.9669649140643469,1393.9135796722348,75.99954044117646,0.07136437394624645,0.007261255,32.41517813902884
